Train size: 28819, Validation size: 7205, Test size: 15684
--------------------------------------------------
Epoch: 1 / 500
Train | Loss: 0.2912 | AP: 0.1282 | AUROC: 0.5664 | F1: 0.01 | F1/class: Atelectasis:0.01, Cardiomegaly:0.00, Effusion:0.03, Infiltration:0.10, Mass:0.01, Nodule:0.00, Pneumonia:0.00, Pneumothorax:0.00, Consolidation:0.01, Edema:0.00, Emphysema:0.00, Fibrosis:0.01, Pleural_Thickening:0.00, Hernia:0.01 | Time: 142.58s
Dev | Loss: 0.2924 | AP: 0.1318 | AUROC: 0.5733 | F1: 0.00 | F1/class: Atelectasis:0.00, Cardiomegaly:0.00, Effusion:0.00, Infiltration:0.00, Mass:0.00, Nodule:0.00, Pneumonia:0.00, Pneumothorax:0.00, Consolidation:0.00, Edema:0.00, Emphysema:0.00, Fibrosis:0.00, Pleural_Thickening:0.00, Hernia:0.00 | Time: 7.91s
test | Loss: 0.3294 | AP: 0.1501 | AUROC: 0.5650 | F1: 0.00 | F1/class: Atelectasis:0.00, Cardiomegaly:0.00, Effusion:0.00, Infiltration:0.00, Mass:0.00, Nodule:0.00, Pneumonia:0.00, Pneumothorax:0.00, Consolidation:0.00, Edema:0.00, Emphysema:0.00, Fibrosis:0.00, Pleural_Thickening:0.00, Hernia:0.00 | Time: 18.73s
[1;92m
Saving checkpoint...
[0m

->> lr: 0.001

--------------------------------------------------
Epoch: 2 / 500
Train | Loss: 0.2856 | AP: 0.1378 | AUROC: 0.5892 | F1: 0.01 | F1/class: Atelectasis:0.00, Cardiomegaly:0.00, Effusion:0.06, Infiltration:0.05, Mass:0.00, Nodule:0.00, Pneumonia:0.00, Pneumothorax:0.00, Consolidation:0.00, Edema:0.00, Emphysema:0.00, Fibrosis:0.00, Pleural_Thickening:0.00, Hernia:0.00 | Time: 140.73s
Dev | Loss: 0.2955 | AP: 0.1370 | AUROC: 0.5897 | F1: 0.02 | F1/class: Atelectasis:0.00, Cardiomegaly:0.00, Effusion:0.00, Infiltration:0.30, Mass:0.00, Nodule:0.00, Pneumonia:0.00, Pneumothorax:0.00, Consolidation:0.00, Edema:0.00, Emphysema:0.00, Fibrosis:0.00, Pleural_Thickening:0.00, Hernia:0.00 | Time: 7.45s
test | Loss: 0.3363 | AP: 0.1531 | AUROC: 0.5910 | F1: 0.03 | F1/class: Atelectasis:0.00, Cardiomegaly:0.00, Effusion:0.00, Infiltration:0.42, Mass:0.00, Nodule:0.00, Pneumonia:0.00, Pneumothorax:0.00, Consolidation:0.00, Edema:0.00, Emphysema:0.00, Fibrosis:0.00, Pleural_Thickening:0.00, Hernia:0.00 | Time: 15.49s
[1;92m
Saving checkpoint...
[0m

->> lr: 0.001

--------------------------------------------------
Epoch: 3 / 500
Train | Loss: 0.2847 | AP: 0.1402 | AUROC: 0.5995 | F1: 0.01 | F1/class: Atelectasis:0.00, Cardiomegaly:0.00, Effusion:0.04, Infiltration:0.06, Mass:0.00, Nodule:0.00, Pneumonia:0.00, Pneumothorax:0.00, Consolidation:0.00, Edema:0.00, Emphysema:0.00, Fibrosis:0.00, Pleural_Thickening:0.00, Hernia:0.00 | Time: 140.18s
Dev | Loss: 0.2877 | AP: 0.1466 | AUROC: 0.5990 | F1: 0.00 | F1/class: Atelectasis:0.00, Cardiomegaly:0.00, Effusion:0.00, Infiltration:0.00, Mass:0.00, Nodule:0.00, Pneumonia:0.00, Pneumothorax:0.00, Consolidation:0.00, Edema:0.00, Emphysema:0.00, Fibrosis:0.00, Pleural_Thickening:0.00, Hernia:0.00 | Time: 7.47s
test | Loss: 0.3280 | AP: 0.1639 | AUROC: 0.5978 | F1: 0.00 | F1/class: Atelectasis:0.00, Cardiomegaly:0.00, Effusion:0.00, Infiltration:0.00, Mass:0.00, Nodule:0.00, Pneumonia:0.00, Pneumothorax:0.00, Consolidation:0.00, Edema:0.00, Emphysema:0.00, Fibrosis:0.00, Pleural_Thickening:0.00, Hernia:0.00 | Time: 15.58s

->> lr: 0.001

--------------------------------------------------
Epoch: 4 / 500
Train | Loss: 0.2838 | AP: 0.1437 | AUROC: 0.6072 | F1: 0.01 | F1/class: Atelectasis:0.00, Cardiomegaly:0.00, Effusion:0.04, Infiltration:0.09, Mass:0.00, Nodule:0.00, Pneumonia:0.00, Pneumothorax:0.00, Consolidation:0.00, Edema:0.00, Emphysema:0.00, Fibrosis:0.00, Pleural_Thickening:0.00, Hernia:0.00 | Time: 138.24s
Dev | Loss: 0.2856 | AP: 0.1506 | AUROC: 0.6070 | F1: 0.00 | F1/class: Atelectasis:0.00, Cardiomegaly:0.00, Effusion:0.00, Infiltration:0.00, Mass:0.00, Nodule:0.00, Pneumonia:0.00, Pneumothorax:0.00, Consolidation:0.00, Edema:0.00, Emphysema:0.00, Fibrosis:0.00, Pleural_Thickening:0.00, Hernia:0.00 | Time: 7.37s
test | Loss: 0.3258 | AP: 0.1624 | AUROC: 0.6112 | F1: 0.00 | F1/class: Atelectasis:0.00, Cardiomegaly:0.00, Effusion:0.00, Infiltration:0.00, Mass:0.00, Nodule:0.00, Pneumonia:0.00, Pneumothorax:0.00, Consolidation:0.00, Edema:0.00, Emphysema:0.00, Fibrosis:0.00, Pleural_Thickening:0.00, Hernia:0.00 | Time: 15.54s

->> lr: 0.001

--------------------------------------------------
Epoch: 5 / 500
Train | Loss: 0.2824 | AP: 0.1487 | AUROC: 0.6114 | F1: 0.01 | F1/class: Atelectasis:0.00, Cardiomegaly:0.00, Effusion:0.08, Infiltration:0.13, Mass:0.00, Nodule:0.00, Pneumonia:0.00, Pneumothorax:0.00, Consolidation:0.00, Edema:0.00, Emphysema:0.00, Fibrosis:0.00, Pleural_Thickening:0.00, Hernia:0.00 | Time: 136.22s
Dev | Loss: 0.2853 | AP: 0.1564 | AUROC: 0.6270 | F1: 0.02 | F1/class: Atelectasis:0.00, Cardiomegaly:0.00, Effusion:0.00, Infiltration:0.28, Mass:0.00, Nodule:0.00, Pneumonia:0.00, Pneumothorax:0.00, Consolidation:0.00, Edema:0.00, Emphysema:0.00, Fibrosis:0.00, Pleural_Thickening:0.00, Hernia:0.00 | Time: 7.41s
test | Loss: 0.3273 | AP: 0.1739 | AUROC: 0.6391 | F1: 0.03 | F1/class: Atelectasis:0.00, Cardiomegaly:0.00, Effusion:0.00, Infiltration:0.46, Mass:0.00, Nodule:0.00, Pneumonia:0.00, Pneumothorax:0.00, Consolidation:0.00, Edema:0.00, Emphysema:0.00, Fibrosis:0.00, Pleural_Thickening:0.00, Hernia:0.00 | Time: 15.44s
[1;92m
Saving checkpoint...
[0m

->> lr: 0.001

--------------------------------------------------
Epoch: 6 / 500
Train | Loss: 0.2802 | AP: 0.1574 | AUROC: 0.6276 | F1: 0.03 | F1/class: Atelectasis:0.03, Cardiomegaly:0.00, Effusion:0.18, Infiltration:0.16, Mass:0.00, Nodule:0.00, Pneumonia:0.00, Pneumothorax:0.00, Consolidation:0.00, Edema:0.00, Emphysema:0.00, Fibrosis:0.00, Pleural_Thickening:0.00, Hernia:0.00 | Time: 140.73s
Dev | Loss: 0.3247 | AP: 0.1515 | AUROC: 0.5984 | F1: 0.08 | F1/class: Atelectasis:0.40, Cardiomegaly:0.00, Effusion:0.46, Infiltration:0.18, Mass:0.00, Nodule:0.00, Pneumonia:0.00, Pneumothorax:0.00, Consolidation:0.00, Edema:0.01, Emphysema:0.00, Fibrosis:0.00, Pleural_Thickening:0.00, Hernia:0.00 | Time: 7.45s
test | Loss: 0.3710 | AP: 0.1726 | AUROC: 0.6152 | F1: 0.09 | F1/class: Atelectasis:0.35, Cardiomegaly:0.00, Effusion:0.50, Infiltration:0.38, Mass:0.00, Nodule:0.00, Pneumonia:0.00, Pneumothorax:0.00, Consolidation:0.00, Edema:0.00, Emphysema:0.00, Fibrosis:0.00, Pleural_Thickening:0.00, Hernia:0.00 | Time: 15.47s
[1;92m
Saving checkpoint...
[0m

->> lr: 0.001

--------------------------------------------------
Epoch: 7 / 500
Train | Loss: 0.2783 | AP: 0.1633 | AUROC: 0.6378 | F1: 0.04 | F1/class: Atelectasis:0.06, Cardiomegaly:0.00, Effusion:0.24, Infiltration:0.21, Mass:0.00, Nodule:0.00, Pneumonia:0.00, Pneumothorax:0.00, Consolidation:0.00, Edema:0.00, Emphysema:0.00, Fibrosis:0.00, Pleural_Thickening:0.00, Hernia:0.00 | Time: 137.92s
Dev | Loss: 0.2808 | AP: 0.1715 | AUROC: 0.6488 | F1: 0.02 | F1/class: Atelectasis:0.00, Cardiomegaly:0.00, Effusion:0.09, Infiltration:0.25, Mass:0.00, Nodule:0.00, Pneumonia:0.00, Pneumothorax:0.00, Consolidation:0.00, Edema:0.00, Emphysema:0.00, Fibrosis:0.00, Pleural_Thickening:0.00, Hernia:0.00 | Time: 7.44s
test | Loss: 0.3194 | AP: 0.1791 | AUROC: 0.6336 | F1: 0.02 | F1/class: Atelectasis:0.00, Cardiomegaly:0.00, Effusion:0.08, Infiltration:0.27, Mass:0.00, Nodule:0.00, Pneumonia:0.00, Pneumothorax:0.00, Consolidation:0.00, Edema:0.00, Emphysema:0.00, Fibrosis:0.00, Pleural_Thickening:0.00, Hernia:0.00 | Time: 15.51s

->> lr: 0.001

--------------------------------------------------
Epoch: 8 / 500
Train | Loss: 0.2768 | AP: 0.1696 | AUROC: 0.6486 | F1: 0.04 | F1/class: Atelectasis:0.09, Cardiomegaly:0.00, Effusion:0.27, Infiltration:0.24, Mass:0.00, Nodule:0.00, Pneumonia:0.00, Pneumothorax:0.00, Consolidation:0.00, Edema:0.00, Emphysema:0.00, Fibrosis:0.00, Pleural_Thickening:0.00, Hernia:0.00 | Time: 138.06s
Dev | Loss: 0.2776 | AP: 0.1791 | AUROC: 0.6594 | F1: 0.04 | F1/class: Atelectasis:0.10, Cardiomegaly:0.00, Effusion:0.30, Infiltration:0.16, Mass:0.00, Nodule:0.00, Pneumonia:0.00, Pneumothorax:0.00, Consolidation:0.00, Edema:0.00, Emphysema:0.00, Fibrosis:0.00, Pleural_Thickening:0.00, Hernia:0.00 | Time: 7.43s
test | Loss: 0.3173 | AP: 0.1895 | AUROC: 0.6475 | F1: 0.04 | F1/class: Atelectasis:0.14, Cardiomegaly:0.00, Effusion:0.27, Infiltration:0.22, Mass:0.00, Nodule:0.00, Pneumonia:0.00, Pneumothorax:0.00, Consolidation:0.00, Edema:0.00, Emphysema:0.00, Fibrosis:0.00, Pleural_Thickening:0.00, Hernia:0.00 | Time: 15.42s

->> lr: 0.001

--------------------------------------------------
Epoch: 9 / 500
Train | Loss: 0.2750 | AP: 0.1754 | AUROC: 0.6585 | F1: 0.05 | F1/class: Atelectasis:0.12, Cardiomegaly:0.00, Effusion:0.32, Infiltration:0.26, Mass:0.00, Nodule:0.00, Pneumonia:0.00, Pneumothorax:0.00, Consolidation:0.00, Edema:0.00, Emphysema:0.00, Fibrosis:0.00, Pleural_Thickening:0.00, Hernia:0.00 | Time: 140.63s
Dev | Loss: 0.2759 | AP: 0.1817 | AUROC: 0.6635 | F1: 0.04 | F1/class: Atelectasis:0.08, Cardiomegaly:0.00, Effusion:0.28, Infiltration:0.26, Mass:0.00, Nodule:0.00, Pneumonia:0.00, Pneumothorax:0.00, Consolidation:0.00, Edema:0.00, Emphysema:0.00, Fibrosis:0.00, Pleural_Thickening:0.00, Hernia:0.00 | Time: 7.43s
test | Loss: 0.3186 | AP: 0.1928 | AUROC: 0.6595 | F1: 0.05 | F1/class: Atelectasis:0.09, Cardiomegaly:0.00, Effusion:0.25, Infiltration:0.43, Mass:0.00, Nodule:0.00, Pneumonia:0.00, Pneumothorax:0.00, Consolidation:0.00, Edema:0.00, Emphysema:0.00, Fibrosis:0.00, Pleural_Thickening:0.00, Hernia:0.00 | Time: 15.45s

->> lr: 0.001

--------------------------------------------------
Epoch: 10 / 500
Train | Loss: 0.2732 | AP: 0.1818 | AUROC: 0.6693 | F1: 0.05 | F1/class: Atelectasis:0.12, Cardiomegaly:0.00, Effusion:0.35, Infiltration:0.29, Mass:0.00, Nodule:0.00, Pneumonia:0.00, Pneumothorax:0.00, Consolidation:0.00, Edema:0.00, Emphysema:0.00, Fibrosis:0.00, Pleural_Thickening:0.00, Hernia:0.00 | Time: 143.58s
Dev | Loss: 0.2826 | AP: 0.1785 | AUROC: 0.6570 | F1: 0.03 | F1/class: Atelectasis:0.01, Cardiomegaly:0.00, Effusion:0.15, Infiltration:0.24, Mass:0.00, Nodule:0.00, Pneumonia:0.00, Pneumothorax:0.00, Consolidation:0.00, Edema:0.00, Emphysema:0.00, Fibrosis:0.00, Pleural_Thickening:0.00, Hernia:0.00 | Time: 7.40s
test | Loss: 0.3181 | AP: 0.1858 | AUROC: 0.6448 | F1: 0.03 | F1/class: Atelectasis:0.01, Cardiomegaly:0.00, Effusion:0.12, Infiltration:0.28, Mass:0.00, Nodule:0.00, Pneumonia:0.00, Pneumothorax:0.00, Consolidation:0.00, Edema:0.00, Emphysema:0.00, Fibrosis:0.00, Pleural_Thickening:0.00, Hernia:0.00 | Time: 15.42s

->> lr: 0.001

--------------------------------------------------
Epoch: 11 / 500
Train | Loss: 0.2718 | AP: 0.1867 | AUROC: 0.6771 | F1: 0.06 | F1/class: Atelectasis:0.14, Cardiomegaly:0.00, Effusion:0.37, Infiltration:0.31, Mass:0.00, Nodule:0.00, Pneumonia:0.00, Pneumothorax:0.00, Consolidation:0.00, Edema:0.00, Emphysema:0.00, Fibrosis:0.00, Pleural_Thickening:0.00, Hernia:0.00 | Time: 144.98s
Dev | Loss: 0.2736 | AP: 0.1921 | AUROC: 0.6780 | F1: 0.06 | F1/class: Atelectasis:0.24, Cardiomegaly:0.00, Effusion:0.35, Infiltration:0.23, Mass:0.00, Nodule:0.00, Pneumonia:0.00, Pneumothorax:0.00, Consolidation:0.00, Edema:0.00, Emphysema:0.00, Fibrosis:0.00, Pleural_Thickening:0.00, Hernia:0.00 | Time: 7.44s
test | Loss: 0.3174 | AP: 0.2002 | AUROC: 0.6713 | F1: 0.06 | F1/class: Atelectasis:0.21, Cardiomegaly:0.00, Effusion:0.33, Infiltration:0.36, Mass:0.00, Nodule:0.00, Pneumonia:0.00, Pneumothorax:0.00, Consolidation:0.00, Edema:0.00, Emphysema:0.00, Fibrosis:0.00, Pleural_Thickening:0.00, Hernia:0.00 | Time: 15.39s

->> lr: 0.001

--------------------------------------------------
Epoch: 12 / 500
Train | Loss: 0.2701 | AP: 0.1926 | AUROC: 0.6851 | F1: 0.06 | F1/class: Atelectasis:0.15, Cardiomegaly:0.00, Effusion:0.40, Infiltration:0.33, Mass:0.00, Nodule:0.00, Pneumonia:0.00, Pneumothorax:0.00, Consolidation:0.00, Edema:0.00, Emphysema:0.00, Fibrosis:0.00, Pleural_Thickening:0.00, Hernia:0.00 | Time: 140.47s
Dev | Loss: 0.2748 | AP: 0.1979 | AUROC: 0.6834 | F1: 0.07 | F1/class: Atelectasis:0.28, Cardiomegaly:0.00, Effusion:0.27, Infiltration:0.37, Mass:0.00, Nodule:0.00, Pneumonia:0.00, Pneumothorax:0.00, Consolidation:0.00, Edema:0.00, Emphysema:0.00, Fibrosis:0.00, Pleural_Thickening:0.00, Hernia:0.00 | Time: 7.41s
test | Loss: 0.3185 | AP: 0.2018 | AUROC: 0.6717 | F1: 0.06 | F1/class: Atelectasis:0.24, Cardiomegaly:0.00, Effusion:0.25, Infiltration:0.39, Mass:0.00, Nodule:0.00, Pneumonia:0.00, Pneumothorax:0.00, Consolidation:0.00, Edema:0.00, Emphysema:0.00, Fibrosis:0.00, Pleural_Thickening:0.00, Hernia:0.00 | Time: 15.37s

->> lr: 0.001

--------------------------------------------------
Epoch: 13 / 500
Train | Loss: 0.2688 | AP: 0.1984 | AUROC: 0.6917 | F1: 0.07 | F1/class: Atelectasis:0.15, Cardiomegaly:0.00, Effusion:0.41, Infiltration:0.35, Mass:0.00, Nodule:0.00, Pneumonia:0.00, Pneumothorax:0.00, Consolidation:0.00, Edema:0.00, Emphysema:0.00, Fibrosis:0.00, Pleural_Thickening:0.00, Hernia:0.00 | Time: 144.00s
Dev | Loss: 0.2724 | AP: 0.2050 | AUROC: 0.6915 | F1: 0.04 | F1/class: Atelectasis:0.01, Cardiomegaly:0.00, Effusion:0.37, Infiltration:0.22, Mass:0.00, Nodule:0.00, Pneumonia:0.00, Pneumothorax:0.00, Consolidation:0.00, Edema:0.00, Emphysema:0.00, Fibrosis:0.00, Pleural_Thickening:0.00, Hernia:0.00 | Time: 7.45s
test | Loss: 0.3098 | AP: 0.2086 | AUROC: 0.6812 | F1: 0.05 | F1/class: Atelectasis:0.02, Cardiomegaly:0.00, Effusion:0.37, Infiltration:0.30, Mass:0.00, Nodule:0.00, Pneumonia:0.00, Pneumothorax:0.00, Consolidation:0.00, Edema:0.00, Emphysema:0.00, Fibrosis:0.00, Pleural_Thickening:0.00, Hernia:0.00 | Time: 15.37s

->> lr: 0.001

--------------------------------------------------
Epoch: 14 / 500
Train | Loss: 0.2676 | AP: 0.2019 | AUROC: 0.6964 | F1: 0.07 | F1/class: Atelectasis:0.17, Cardiomegaly:0.00, Effusion:0.42, Infiltration:0.37, Mass:0.00, Nodule:0.00, Pneumonia:0.00, Pneumothorax:0.00, Consolidation:0.00, Edema:0.00, Emphysema:0.00, Fibrosis:0.00, Pleural_Thickening:0.00, Hernia:0.00 | Time: 137.85s
Dev | Loss: 0.2695 | AP: 0.2128 | AUROC: 0.6912 | F1: 0.07 | F1/class: Atelectasis:0.12, Cardiomegaly:0.00, Effusion:0.42, Infiltration:0.45, Mass:0.00, Nodule:0.00, Pneumonia:0.00, Pneumothorax:0.00, Consolidation:0.00, Edema:0.00, Emphysema:0.00, Fibrosis:0.00, Pleural_Thickening:0.00, Hernia:0.00 | Time: 7.44s
test | Loss: 0.3151 | AP: 0.2103 | AUROC: 0.6810 | F1: 0.07 | F1/class: Atelectasis:0.10, Cardiomegaly:0.00, Effusion:0.38, Infiltration:0.44, Mass:0.00, Nodule:0.00, Pneumonia:0.00, Pneumothorax:0.00, Consolidation:0.00, Edema:0.00, Emphysema:0.00, Fibrosis:0.00, Pleural_Thickening:0.00, Hernia:0.00 | Time: 15.38s

->> lr: 0.001

--------------------------------------------------
Epoch: 15 / 500
Train | Loss: 0.2661 | AP: 0.2078 | AUROC: 0.7034 | F1: 0.07 | F1/class: Atelectasis:0.18, Cardiomegaly:0.00, Effusion:0.43, Infiltration:0.37, Mass:0.00, Nodule:0.00, Pneumonia:0.00, Pneumothorax:0.00, Consolidation:0.00, Edema:0.00, Emphysema:0.00, Fibrosis:0.00, Pleural_Thickening:0.00, Hernia:0.00 | Time: 136.96s
Dev | Loss: 0.2687 | AP: 0.2142 | AUROC: 0.6919 | F1: 0.07 | F1/class: Atelectasis:0.20, Cardiomegaly:0.00, Effusion:0.40, Infiltration:0.42, Mass:0.00, Nodule:0.00, Pneumonia:0.00, Pneumothorax:0.00, Consolidation:0.00, Edema:0.00, Emphysema:0.00, Fibrosis:0.00, Pleural_Thickening:0.00, Hernia:0.00 | Time: 7.38s
test | Loss: 0.3105 | AP: 0.2141 | AUROC: 0.6855 | F1: 0.07 | F1/class: Atelectasis:0.16, Cardiomegaly:0.00, Effusion:0.37, Infiltration:0.48, Mass:0.00, Nodule:0.00, Pneumonia:0.00, Pneumothorax:0.00, Consolidation:0.00, Edema:0.00, Emphysema:0.00, Fibrosis:0.00, Pleural_Thickening:0.00, Hernia:0.00 | Time: 15.31s

->> lr: 0.001

--------------------------------------------------
Epoch: 16 / 500
Train | Loss: 0.2653 | AP: 0.2128 | AUROC: 0.7057 | F1: 0.07 | F1/class: Atelectasis:0.19, Cardiomegaly:0.00, Effusion:0.45, Infiltration:0.38, Mass:0.00, Nodule:0.00, Pneumonia:0.00, Pneumothorax:0.00, Consolidation:0.00, Edema:0.01, Emphysema:0.00, Fibrosis:0.00, Pleural_Thickening:0.00, Hernia:0.00 | Time: 139.43s
Dev | Loss: 0.2689 | AP: 0.2131 | AUROC: 0.6949 | F1: 0.06 | F1/class: Atelectasis:0.06, Cardiomegaly:0.04, Effusion:0.39, Infiltration:0.42, Mass:0.00, Nodule:0.00, Pneumonia:0.00, Pneumothorax:0.00, Consolidation:0.00, Edema:0.00, Emphysema:0.00, Fibrosis:0.00, Pleural_Thickening:0.00, Hernia:0.00 | Time: 7.32s
test | Loss: 0.3112 | AP: 0.2158 | AUROC: 0.6860 | F1: 0.06 | F1/class: Atelectasis:0.06, Cardiomegaly:0.01, Effusion:0.38, Infiltration:0.45, Mass:0.00, Nodule:0.00, Pneumonia:0.00, Pneumothorax:0.00, Consolidation:0.00, Edema:0.00, Emphysema:0.00, Fibrosis:0.00, Pleural_Thickening:0.00, Hernia:0.00 | Time: 15.36s

->> lr: 0.001

--------------------------------------------------
Epoch: 17 / 500
Train | Loss: 0.2643 | AP: 0.2160 | AUROC: 0.7100 | F1: 0.08 | F1/class: Atelectasis:0.19, Cardiomegaly:0.03, Effusion:0.45, Infiltration:0.39, Mass:0.00, Nodule:0.00, Pneumonia:0.00, Pneumothorax:0.00, Consolidation:0.00, Edema:0.00, Emphysema:0.00, Fibrosis:0.00, Pleural_Thickening:0.00, Hernia:0.00 | Time: 136.50s
Dev | Loss: 0.2681 | AP: 0.2197 | AUROC: 0.7009 | F1: 0.09 | F1/class: Atelectasis:0.30, Cardiomegaly:0.19, Effusion:0.43, Infiltration:0.34, Mass:0.00, Nodule:0.00, Pneumonia:0.00, Pneumothorax:0.00, Consolidation:0.00, Edema:0.00, Emphysema:0.00, Fibrosis:0.00, Pleural_Thickening:0.00, Hernia:0.00 | Time: 7.43s
test | Loss: 0.3134 | AP: 0.2180 | AUROC: 0.6882 | F1: 0.08 | F1/class: Atelectasis:0.23, Cardiomegaly:0.11, Effusion:0.42, Infiltration:0.40, Mass:0.00, Nodule:0.00, Pneumonia:0.00, Pneumothorax:0.00, Consolidation:0.00, Edema:0.00, Emphysema:0.00, Fibrosis:0.00, Pleural_Thickening:0.00, Hernia:0.00 | Time: 15.29s

->> lr: 0.001

--------------------------------------------------
Epoch: 18 / 500
Train | Loss: 0.2635 | AP: 0.2199 | AUROC: 0.7142 | F1: 0.08 | F1/class: Atelectasis:0.21, Cardiomegaly:0.06, Effusion:0.45, Infiltration:0.39, Mass:0.00, Nodule:0.00, Pneumonia:0.00, Pneumothorax:0.00, Consolidation:0.00, Edema:0.00, Emphysema:0.00, Fibrosis:0.00, Pleural_Thickening:0.00, Hernia:0.00 | Time: 139.48s
Dev | Loss: 0.2684 | AP: 0.2169 | AUROC: 0.6935 | F1: 0.09 | F1/class: Atelectasis:0.39, Cardiomegaly:0.05, Effusion:0.52, Infiltration:0.35, Mass:0.00, Nodule:0.00, Pneumonia:0.00, Pneumothorax:0.00, Consolidation:0.00, Edema:0.00, Emphysema:0.00, Fibrosis:0.00, Pleural_Thickening:0.00, Hernia:0.00 | Time: 7.41s
test | Loss: 0.3092 | AP: 0.2197 | AUROC: 0.6911 | F1: 0.08 | F1/class: Atelectasis:0.29, Cardiomegaly:0.03, Effusion:0.50, Infiltration:0.34, Mass:0.00, Nodule:0.00, Pneumonia:0.00, Pneumothorax:0.00, Consolidation:0.00, Edema:0.00, Emphysema:0.00, Fibrosis:0.00, Pleural_Thickening:0.00, Hernia:0.00 | Time: 15.40s

->> lr: 0.001

--------------------------------------------------
Epoch: 19 / 500
Train | Loss: 0.2626 | AP: 0.2227 | AUROC: 0.7170 | F1: 0.08 | F1/class: Atelectasis:0.21, Cardiomegaly:0.07, Effusion:0.47, Infiltration:0.40, Mass:0.00, Nodule:0.00, Pneumonia:0.00, Pneumothorax:0.00, Consolidation:0.00, Edema:0.00, Emphysema:0.00, Fibrosis:0.00, Pleural_Thickening:0.00, Hernia:0.00 | Time: 147.68s
Dev | Loss: 0.2683 | AP: 0.2226 | AUROC: 0.6998 | F1: 0.09 | F1/class: Atelectasis:0.30, Cardiomegaly:0.04, Effusion:0.41, Infiltration:0.46, Mass:0.00, Nodule:0.00, Pneumonia:0.00, Pneumothorax:0.00, Consolidation:0.00, Edema:0.01, Emphysema:0.00, Fibrosis:0.00, Pleural_Thickening:0.00, Hernia:0.00 | Time: 7.48s
test | Loss: 0.3157 | AP: 0.2220 | AUROC: 0.6951 | F1: 0.08 | F1/class: Atelectasis:0.23, Cardiomegaly:0.02, Effusion:0.40, Infiltration:0.48, Mass:0.00, Nodule:0.00, Pneumonia:0.00, Pneumothorax:0.00, Consolidation:0.00, Edema:0.01, Emphysema:0.00, Fibrosis:0.00, Pleural_Thickening:0.00, Hernia:0.00 | Time: 15.33s

->> lr: 0.0001

--------------------------------------------------
Epoch: 20 / 500
Train | Loss: 0.2584 | AP: 0.2392 | AUROC: 0.7338 | F1: 0.09 | F1/class: Atelectasis:0.24, Cardiomegaly:0.14, Effusion:0.49, Infiltration:0.43, Mass:0.00, Nodule:0.00, Pneumonia:0.00, Pneumothorax:0.00, Consolidation:0.00, Edema:0.00, Emphysema:0.00, Fibrosis:0.00, Pleural_Thickening:0.00, Hernia:0.00 | Time: 138.14s
Dev | Loss: 0.2622 | AP: 0.2338 | AUROC: 0.7145 | F1: 0.10 | F1/class: Atelectasis:0.28, Cardiomegaly:0.24, Effusion:0.47, Infiltration:0.40, Mass:0.01, Nodule:0.00, Pneumonia:0.00, Pneumothorax:0.00, Consolidation:0.00, Edema:0.00, Emphysema:0.00, Fibrosis:0.00, Pleural_Thickening:0.00, Hernia:0.00 | Time: 7.34s
test | Loss: 0.3032 | AP: 0.2309 | AUROC: 0.7052 | F1: 0.09 | F1/class: Atelectasis:0.22, Cardiomegaly:0.14, Effusion:0.44, Infiltration:0.42, Mass:0.00, Nodule:0.00, Pneumonia:0.00, Pneumothorax:0.00, Consolidation:0.00, Edema:0.00, Emphysema:0.00, Fibrosis:0.00, Pleural_Thickening:0.00, Hernia:0.00 | Time: 15.37s

->> lr: 0.0001

--------------------------------------------------
Epoch: 21 / 500
Train | Loss: 0.2569 | AP: 0.2445 | AUROC: 0.7387 | F1: 0.10 | F1/class: Atelectasis:0.24, Cardiomegaly:0.19, Effusion:0.49, Infiltration:0.43, Mass:0.01, Nodule:0.00, Pneumonia:0.00, Pneumothorax:0.00, Consolidation:0.00, Edema:0.00, Emphysema:0.00, Fibrosis:0.00, Pleural_Thickening:0.00, Hernia:0.00 | Time: 135.93s
Dev | Loss: 0.2619 | AP: 0.2351 | AUROC: 0.7163 | F1: 0.10 | F1/class: Atelectasis:0.26, Cardiomegaly:0.27, Effusion:0.46, Infiltration:0.43, Mass:0.01, Nodule:0.00, Pneumonia:0.00, Pneumothorax:0.00, Consolidation:0.00, Edema:0.00, Emphysema:0.00, Fibrosis:0.00, Pleural_Thickening:0.00, Hernia:0.00 | Time: 7.43s
test | Loss: 0.3033 | AP: 0.2326 | AUROC: 0.7069 | F1: 0.09 | F1/class: Atelectasis:0.19, Cardiomegaly:0.21, Effusion:0.44, Infiltration:0.46, Mass:0.01, Nodule:0.00, Pneumonia:0.00, Pneumothorax:0.00, Consolidation:0.00, Edema:0.00, Emphysema:0.00, Fibrosis:0.00, Pleural_Thickening:0.00, Hernia:0.00 | Time: 15.39s
[1;92m
Saving checkpoint...
[0m

->> lr: 0.0001

--------------------------------------------------
Epoch: 22 / 500
Train | Loss: 0.2562 | AP: 0.2471 | AUROC: 0.7427 | F1: 0.10 | F1/class: Atelectasis:0.25, Cardiomegaly:0.22, Effusion:0.50, Infiltration:0.44, Mass:0.01, Nodule:0.00, Pneumonia:0.00, Pneumothorax:0.00, Consolidation:0.00, Edema:0.00, Emphysema:0.00, Fibrosis:0.00, Pleural_Thickening:0.00, Hernia:0.00 | Time: 141.97s
Dev | Loss: 0.2616 | AP: 0.2358 | AUROC: 0.7170 | F1: 0.10 | F1/class: Atelectasis:0.26, Cardiomegaly:0.28, Effusion:0.48, Infiltration:0.42, Mass:0.01, Nodule:0.00, Pneumonia:0.00, Pneumothorax:0.00, Consolidation:0.00, Edema:0.00, Emphysema:0.00, Fibrosis:0.00, Pleural_Thickening:0.00, Hernia:0.00 | Time: 7.72s
test | Loss: 0.3034 | AP: 0.2327 | AUROC: 0.7088 | F1: 0.09 | F1/class: Atelectasis:0.19, Cardiomegaly:0.18, Effusion:0.46, Infiltration:0.45, Mass:0.01, Nodule:0.00, Pneumonia:0.00, Pneumothorax:0.00, Consolidation:0.00, Edema:0.00, Emphysema:0.00, Fibrosis:0.00, Pleural_Thickening:0.00, Hernia:0.00 | Time: 15.37s

->> lr: 0.0001

--------------------------------------------------
Epoch: 23 / 500
Train | Loss: 0.2556 | AP: 0.2487 | AUROC: 0.7443 | F1: 0.10 | F1/class: Atelectasis:0.27, Cardiomegaly:0.23, Effusion:0.51, Infiltration:0.44, Mass:0.02, Nodule:0.00, Pneumonia:0.00, Pneumothorax:0.00, Consolidation:0.00, Edema:0.00, Emphysema:0.00, Fibrosis:0.00, Pleural_Thickening:0.00, Hernia:0.00 | Time: 135.23s
Dev | Loss: 0.2616 | AP: 0.2366 | AUROC: 0.7182 | F1: 0.11 | F1/class: Atelectasis:0.29, Cardiomegaly:0.30, Effusion:0.48, Infiltration:0.43, Mass:0.01, Nodule:0.00, Pneumonia:0.00, Pneumothorax:0.00, Consolidation:0.00, Edema:0.00, Emphysema:0.00, Fibrosis:0.00, Pleural_Thickening:0.00, Hernia:0.00 | Time: 7.39s
test | Loss: 0.3033 | AP: 0.2333 | AUROC: 0.7081 | F1: 0.10 | F1/class: Atelectasis:0.22, Cardiomegaly:0.24, Effusion:0.46, Infiltration:0.45, Mass:0.01, Nodule:0.00, Pneumonia:0.00, Pneumothorax:0.00, Consolidation:0.00, Edema:0.00, Emphysema:0.00, Fibrosis:0.00, Pleural_Thickening:0.00, Hernia:0.00 | Time: 15.49s
[1;92m
Saving checkpoint...
[0m

->> lr: 0.0001

--------------------------------------------------
Epoch: 24 / 500
Train | Loss: 0.2551 | AP: 0.2507 | AUROC: 0.7466 | F1: 0.11 | F1/class: Atelectasis:0.27, Cardiomegaly:0.27, Effusion:0.51, Infiltration:0.44, Mass:0.02, Nodule:0.00, Pneumonia:0.00, Pneumothorax:0.00, Consolidation:0.00, Edema:0.00, Emphysema:0.00, Fibrosis:0.00, Pleural_Thickening:0.00, Hernia:0.00 | Time: 138.34s
Dev | Loss: 0.2615 | AP: 0.2371 | AUROC: 0.7176 | F1: 0.11 | F1/class: Atelectasis:0.30, Cardiomegaly:0.30, Effusion:0.53, Infiltration:0.42, Mass:0.02, Nodule:0.00, Pneumonia:0.00, Pneumothorax:0.00, Consolidation:0.00, Edema:0.00, Emphysema:0.00, Fibrosis:0.00, Pleural_Thickening:0.00, Hernia:0.00 | Time: 7.42s
test | Loss: 0.3037 | AP: 0.2334 | AUROC: 0.7095 | F1: 0.10 | F1/class: Atelectasis:0.22, Cardiomegaly:0.23, Effusion:0.50, Infiltration:0.42, Mass:0.01, Nodule:0.00, Pneumonia:0.00, Pneumothorax:0.00, Consolidation:0.00, Edema:0.00, Emphysema:0.00, Fibrosis:0.00, Pleural_Thickening:0.00, Hernia:0.00 | Time: 15.37s
[1;92m
Saving checkpoint...
[0m

->> lr: 0.0001

--------------------------------------------------
Epoch: 25 / 500
Train | Loss: 0.2549 | AP: 0.2522 | AUROC: 0.7468 | F1: 0.11 | F1/class: Atelectasis:0.27, Cardiomegaly:0.27, Effusion:0.51, Infiltration:0.45, Mass:0.02, Nodule:0.00, Pneumonia:0.00, Pneumothorax:0.00, Consolidation:0.00, Edema:0.00, Emphysema:0.00, Fibrosis:0.00, Pleural_Thickening:0.00, Hernia:0.00 | Time: 134.83s
Dev | Loss: 0.2614 | AP: 0.2376 | AUROC: 0.7167 | F1: 0.11 | F1/class: Atelectasis:0.29, Cardiomegaly:0.29, Effusion:0.50, Infiltration:0.42, Mass:0.03, Nodule:0.00, Pneumonia:0.00, Pneumothorax:0.00, Consolidation:0.00, Edema:0.00, Emphysema:0.00, Fibrosis:0.00, Pleural_Thickening:0.00, Hernia:0.00 | Time: 7.44s
test | Loss: 0.3034 | AP: 0.2343 | AUROC: 0.7090 | F1: 0.10 | F1/class: Atelectasis:0.23, Cardiomegaly:0.23, Effusion:0.47, Infiltration:0.44, Mass:0.02, Nodule:0.00, Pneumonia:0.00, Pneumothorax:0.00, Consolidation:0.00, Edema:0.00, Emphysema:0.00, Fibrosis:0.00, Pleural_Thickening:0.00, Hernia:0.00 | Time: 15.41s
[1;92m
Saving checkpoint...
[0m

->> lr: 0.0001

--------------------------------------------------
Epoch: 26 / 500
Train | Loss: 0.2542 | AP: 0.2543 | AUROC: 0.7493 | F1: 0.11 | F1/class: Atelectasis:0.28, Cardiomegaly:0.28, Effusion:0.52, Infiltration:0.45, Mass:0.03, Nodule:0.00, Pneumonia:0.00, Pneumothorax:0.00, Consolidation:0.00, Edema:0.00, Emphysema:0.00, Fibrosis:0.00, Pleural_Thickening:0.00, Hernia:0.00 | Time: 136.87s
Dev | Loss: 0.2616 | AP: 0.2369 | AUROC: 0.7171 | F1: 0.11 | F1/class: Atelectasis:0.26, Cardiomegaly:0.33, Effusion:0.45, Infiltration:0.41, Mass:0.04, Nodule:0.00, Pneumonia:0.00, Pneumothorax:0.00, Consolidation:0.00, Edema:0.01, Emphysema:0.00, Fibrosis:0.00, Pleural_Thickening:0.00, Hernia:0.00 | Time: 7.45s
test | Loss: 0.3032 | AP: 0.2339 | AUROC: 0.7090 | F1: 0.10 | F1/class: Atelectasis:0.20, Cardiomegaly:0.26, Effusion:0.43, Infiltration:0.44, Mass:0.03, Nodule:0.00, Pneumonia:0.00, Pneumothorax:0.00, Consolidation:0.00, Edema:0.00, Emphysema:0.00, Fibrosis:0.00, Pleural_Thickening:0.00, Hernia:0.00 | Time: 15.39s

->> lr: 0.0001

--------------------------------------------------
Epoch: 27 / 500
Train | Loss: 0.2539 | AP: 0.2558 | AUROC: 0.7498 | F1: 0.11 | F1/class: Atelectasis:0.28, Cardiomegaly:0.31, Effusion:0.51, Infiltration:0.45, Mass:0.03, Nodule:0.00, Pneumonia:0.00, Pneumothorax:0.00, Consolidation:0.00, Edema:0.00, Emphysema:0.00, Fibrosis:0.00, Pleural_Thickening:0.00, Hernia:0.00 | Time: 137.83s
Dev | Loss: 0.2615 | AP: 0.2369 | AUROC: 0.7186 | F1: 0.11 | F1/class: Atelectasis:0.29, Cardiomegaly:0.31, Effusion:0.49, Infiltration:0.43, Mass:0.03, Nodule:0.00, Pneumonia:0.00, Pneumothorax:0.00, Consolidation:0.00, Edema:0.00, Emphysema:0.00, Fibrosis:0.00, Pleural_Thickening:0.00, Hernia:0.00 | Time: 7.56s
test | Loss: 0.3030 | AP: 0.2345 | AUROC: 0.7096 | F1: 0.10 | F1/class: Atelectasis:0.21, Cardiomegaly:0.26, Effusion:0.48, Infiltration:0.44, Mass:0.02, Nodule:0.00, Pneumonia:0.00, Pneumothorax:0.00, Consolidation:0.00, Edema:0.00, Emphysema:0.00, Fibrosis:0.00, Pleural_Thickening:0.00, Hernia:0.00 | Time: 15.62s
[1;92m
Saving checkpoint...
[0m

->> lr: 1e-05

--------------------------------------------------
Epoch: 28 / 500
Train | Loss: 0.2526 | AP: 0.2607 | AUROC: 0.7553 | F1: 0.12 | F1/class: Atelectasis:0.28, Cardiomegaly:0.32, Effusion:0.53, Infiltration:0.46, Mass:0.04, Nodule:0.00, Pneumonia:0.00, Pneumothorax:0.00, Consolidation:0.00, Edema:0.00, Emphysema:0.00, Fibrosis:0.00, Pleural_Thickening:0.00, Hernia:0.00 | Time: 131.84s
Dev | Loss: 0.2611 | AP: 0.2380 | AUROC: 0.7187 | F1: 0.11 | F1/class: Atelectasis:0.29, Cardiomegaly:0.31, Effusion:0.50, Infiltration:0.41, Mass:0.04, Nodule:0.00, Pneumonia:0.00, Pneumothorax:0.00, Consolidation:0.00, Edema:0.00, Emphysema:0.00, Fibrosis:0.00, Pleural_Thickening:0.00, Hernia:0.00 | Time: 7.47s
test | Loss: 0.3027 | AP: 0.2353 | AUROC: 0.7103 | F1: 0.10 | F1/class: Atelectasis:0.22, Cardiomegaly:0.26, Effusion:0.48, Infiltration:0.42, Mass:0.03, Nodule:0.00, Pneumonia:0.00, Pneumothorax:0.00, Consolidation:0.00, Edema:0.00, Emphysema:0.00, Fibrosis:0.00, Pleural_Thickening:0.00, Hernia:0.00 | Time: 15.31s

->> lr: 1e-05

--------------------------------------------------
Epoch: 29 / 500
Train | Loss: 0.2528 | AP: 0.2598 | AUROC: 0.7534 | F1: 0.11 | F1/class: Atelectasis:0.28, Cardiomegaly:0.31, Effusion:0.52, Infiltration:0.45, Mass:0.04, Nodule:0.00, Pneumonia:0.00, Pneumothorax:0.00, Consolidation:0.00, Edema:0.00, Emphysema:0.00, Fibrosis:0.00, Pleural_Thickening:0.00, Hernia:0.00 | Time: 135.53s
Dev | Loss: 0.2610 | AP: 0.2388 | AUROC: 0.7189 | F1: 0.11 | F1/class: Atelectasis:0.26, Cardiomegaly:0.32, Effusion:0.49, Infiltration:0.42, Mass:0.04, Nodule:0.00, Pneumonia:0.00, Pneumothorax:0.00, Consolidation:0.00, Edema:0.00, Emphysema:0.00, Fibrosis:0.00, Pleural_Thickening:0.00, Hernia:0.00 | Time: 7.47s
test | Loss: 0.3025 | AP: 0.2352 | AUROC: 0.7098 | F1: 0.10 | F1/class: Atelectasis:0.20, Cardiomegaly:0.26, Effusion:0.48, Infiltration:0.42, Mass:0.03, Nodule:0.00, Pneumonia:0.00, Pneumothorax:0.00, Consolidation:0.00, Edema:0.00, Emphysema:0.00, Fibrosis:0.00, Pleural_Thickening:0.00, Hernia:0.00 | Time: 15.41s

->> lr: 1e-05

--------------------------------------------------
Epoch: 30 / 500
Train | Loss: 0.2526 | AP: 0.2612 | AUROC: 0.7541 | F1: 0.11 | F1/class: Atelectasis:0.28, Cardiomegaly:0.32, Effusion:0.52, Infiltration:0.46, Mass:0.03, Nodule:0.00, Pneumonia:0.00, Pneumothorax:0.00, Consolidation:0.00, Edema:0.00, Emphysema:0.00, Fibrosis:0.00, Pleural_Thickening:0.00, Hernia:0.00 | Time: 141.30s
Dev | Loss: 0.2611 | AP: 0.2384 | AUROC: 0.7192 | F1: 0.11 | F1/class: Atelectasis:0.30, Cardiomegaly:0.35, Effusion:0.50, Infiltration:0.40, Mass:0.03, Nodule:0.00, Pneumonia:0.00, Pneumothorax:0.00, Consolidation:0.00, Edema:0.00, Emphysema:0.00, Fibrosis:0.00, Pleural_Thickening:0.00, Hernia:0.00 | Time: 7.33s
test | Loss: 0.3022 | AP: 0.2358 | AUROC: 0.7110 | F1: 0.10 | F1/class: Atelectasis:0.22, Cardiomegaly:0.29, Effusion:0.48, Infiltration:0.42, Mass:0.02, Nodule:0.00, Pneumonia:0.00, Pneumothorax:0.00, Consolidation:0.00, Edema:0.00, Emphysema:0.00, Fibrosis:0.00, Pleural_Thickening:0.00, Hernia:0.00 | Time: 15.36s
[1;92m
Saving checkpoint...
[0m

->> lr: 1e-05

--------------------------------------------------
Epoch: 31 / 500
Train | Loss: 0.2524 | AP: 0.2613 | AUROC: 0.7551 | F1: 0.12 | F1/class: Atelectasis:0.29, Cardiomegaly:0.32, Effusion:0.52, Infiltration:0.46, Mass:0.03, Nodule:0.00, Pneumonia:0.00, Pneumothorax:0.00, Consolidation:0.00, Edema:0.00, Emphysema:0.00, Fibrosis:0.00, Pleural_Thickening:0.00, Hernia:0.00 | Time: 139.59s
Dev | Loss: 0.2610 | AP: 0.2389 | AUROC: 0.7192 | F1: 0.11 | F1/class: Atelectasis:0.29, Cardiomegaly:0.31, Effusion:0.48, Infiltration:0.43, Mass:0.04, Nodule:0.00, Pneumonia:0.00, Pneumothorax:0.00, Consolidation:0.00, Edema:0.00, Emphysema:0.00, Fibrosis:0.00, Pleural_Thickening:0.00, Hernia:0.00 | Time: 7.42s
test | Loss: 0.3027 | AP: 0.2353 | AUROC: 0.7100 | F1: 0.10 | F1/class: Atelectasis:0.22, Cardiomegaly:0.26, Effusion:0.46, Infiltration:0.43, Mass:0.03, Nodule:0.00, Pneumonia:0.00, Pneumothorax:0.00, Consolidation:0.00, Edema:0.00, Emphysema:0.00, Fibrosis:0.00, Pleural_Thickening:0.00, Hernia:0.00 | Time: 15.30s

->> lr: 1.0000000000000002e-06

--------------------------------------------------
Epoch: 32 / 500
Train | Loss: 0.2523 | AP: 0.2615 | AUROC: 0.7559 | F1: 0.12 | F1/class: Atelectasis:0.29, Cardiomegaly:0.32, Effusion:0.52, Infiltration:0.46, Mass:0.03, Nodule:0.00, Pneumonia:0.00, Pneumothorax:0.00, Consolidation:0.00, Edema:0.00, Emphysema:0.00, Fibrosis:0.00, Pleural_Thickening:0.00, Hernia:0.00 | Time: 139.00s
Dev | Loss: 0.2610 | AP: 0.2389 | AUROC: 0.7195 | F1: 0.11 | F1/class: Atelectasis:0.28, Cardiomegaly:0.33, Effusion:0.52, Infiltration:0.42, Mass:0.04, Nodule:0.00, Pneumonia:0.00, Pneumothorax:0.00, Consolidation:0.00, Edema:0.00, Emphysema:0.00, Fibrosis:0.00, Pleural_Thickening:0.00, Hernia:0.00 | Time: 7.38s
test | Loss: 0.3031 | AP: 0.2356 | AUROC: 0.7105 | F1: 0.10 | F1/class: Atelectasis:0.21, Cardiomegaly:0.27, Effusion:0.49, Infiltration:0.43, Mass:0.03, Nodule:0.00, Pneumonia:0.00, Pneumothorax:0.00, Consolidation:0.00, Edema:0.00, Emphysema:0.00, Fibrosis:0.00, Pleural_Thickening:0.00, Hernia:0.00 | Time: 15.37s

->> lr: 1.0000000000000002e-06

--------------------------------------------------
Epoch: 33 / 500
Train | Loss: 0.2522 | AP: 0.2624 | AUROC: 0.7555 | F1: 0.12 | F1/class: Atelectasis:0.28, Cardiomegaly:0.32, Effusion:0.52, Infiltration:0.46, Mass:0.03, Nodule:0.00, Pneumonia:0.00, Pneumothorax:0.00, Consolidation:0.00, Edema:0.00, Emphysema:0.00, Fibrosis:0.00, Pleural_Thickening:0.00, Hernia:0.00 | Time: 137.25s
Dev | Loss: 0.2610 | AP: 0.2390 | AUROC: 0.7195 | F1: 0.11 | F1/class: Atelectasis:0.29, Cardiomegaly:0.33, Effusion:0.49, Infiltration:0.43, Mass:0.03, Nodule:0.00, Pneumonia:0.00, Pneumothorax:0.00, Consolidation:0.00, Edema:0.00, Emphysema:0.00, Fibrosis:0.00, Pleural_Thickening:0.00, Hernia:0.00 | Time: 7.46s
test | Loss: 0.3028 | AP: 0.2353 | AUROC: 0.7101 | F1: 0.10 | F1/class: Atelectasis:0.22, Cardiomegaly:0.27, Effusion:0.47, Infiltration:0.44, Mass:0.02, Nodule:0.00, Pneumonia:0.00, Pneumothorax:0.00, Consolidation:0.00, Edema:0.00, Emphysema:0.00, Fibrosis:0.00, Pleural_Thickening:0.00, Hernia:0.00 | Time: 15.38s

->> lr: 1.0000000000000002e-06

--------------------------------------------------
Epoch: 34 / 500
Train | Loss: 0.2523 | AP: 0.2615 | AUROC: 0.7556 | F1: 0.12 | F1/class: Atelectasis:0.29, Cardiomegaly:0.32, Effusion:0.52, Infiltration:0.46, Mass:0.03, Nodule:0.00, Pneumonia:0.00, Pneumothorax:0.00, Consolidation:0.00, Edema:0.00, Emphysema:0.00, Fibrosis:0.00, Pleural_Thickening:0.00, Hernia:0.00 | Time: 142.86s
Dev | Loss: 0.2610 | AP: 0.2387 | AUROC: 0.7194 | F1: 0.11 | F1/class: Atelectasis:0.30, Cardiomegaly:0.32, Effusion:0.48, Infiltration:0.42, Mass:0.03, Nodule:0.00, Pneumonia:0.00, Pneumothorax:0.00, Consolidation:0.00, Edema:0.00, Emphysema:0.00, Fibrosis:0.00, Pleural_Thickening:0.00, Hernia:0.00 | Time: 7.37s
test | Loss: 0.3029 | AP: 0.2355 | AUROC: 0.7101 | F1: 0.10 | F1/class: Atelectasis:0.22, Cardiomegaly:0.27, Effusion:0.46, Infiltration:0.44, Mass:0.03, Nodule:0.00, Pneumonia:0.00, Pneumothorax:0.00, Consolidation:0.00, Edema:0.00, Emphysema:0.00, Fibrosis:0.00, Pleural_Thickening:0.00, Hernia:0.00 | Time: 15.39s

->> lr: 1.0000000000000002e-06

--------------------------------------------------
Epoch: 35 / 500
Train | Loss: 0.2525 | AP: 0.2609 | AUROC: 0.7544 | F1: 0.12 | F1/class: Atelectasis:0.28, Cardiomegaly:0.32, Effusion:0.52, Infiltration:0.46, Mass:0.04, Nodule:0.00, Pneumonia:0.00, Pneumothorax:0.00, Consolidation:0.00, Edema:0.00, Emphysema:0.00, Fibrosis:0.00, Pleural_Thickening:0.00, Hernia:0.00 | Time: 141.43s
Dev | Loss: 0.2610 | AP: 0.2389 | AUROC: 0.7193 | F1: 0.11 | F1/class: Atelectasis:0.27, Cardiomegaly:0.31, Effusion:0.49, Infiltration:0.42, Mass:0.04, Nodule:0.00, Pneumonia:0.00, Pneumothorax:0.00, Consolidation:0.00, Edema:0.00, Emphysema:0.00, Fibrosis:0.00, Pleural_Thickening:0.00, Hernia:0.00 | Time: 7.39s
test | Loss: 0.3026 | AP: 0.2354 | AUROC: 0.7098 | F1: 0.10 | F1/class: Atelectasis:0.21, Cardiomegaly:0.26, Effusion:0.47, Infiltration:0.42, Mass:0.03, Nodule:0.00, Pneumonia:0.00, Pneumothorax:0.00, Consolidation:0.00, Edema:0.00, Emphysema:0.00, Fibrosis:0.00, Pleural_Thickening:0.00, Hernia:0.00 | Time: 15.26s

->> lr: 1.0000000000000002e-07

--------------------------------------------------
Epoch: 36 / 500
Train | Loss: 0.2523 | AP: 0.2619 | AUROC: 0.7563 | F1: 0.12 | F1/class: Atelectasis:0.29, Cardiomegaly:0.32, Effusion:0.52, Infiltration:0.46, Mass:0.03, Nodule:0.00, Pneumonia:0.00, Pneumothorax:0.00, Consolidation:0.00, Edema:0.00, Emphysema:0.00, Fibrosis:0.00, Pleural_Thickening:0.00, Hernia:0.00 | Time: 138.06s
Dev | Loss: 0.2610 | AP: 0.2386 | AUROC: 0.7194 | F1: 0.11 | F1/class: Atelectasis:0.29, Cardiomegaly:0.33, Effusion:0.51, Infiltration:0.42, Mass:0.04, Nodule:0.00, Pneumonia:0.00, Pneumothorax:0.00, Consolidation:0.00, Edema:0.00, Emphysema:0.00, Fibrosis:0.00, Pleural_Thickening:0.00, Hernia:0.00 | Time: 7.37s
test | Loss: 0.3024 | AP: 0.2359 | AUROC: 0.7107 | F1: 0.10 | F1/class: Atelectasis:0.22, Cardiomegaly:0.27, Effusion:0.48, Infiltration:0.43, Mass:0.03, Nodule:0.00, Pneumonia:0.00, Pneumothorax:0.00, Consolidation:0.00, Edema:0.00, Emphysema:0.00, Fibrosis:0.00, Pleural_Thickening:0.00, Hernia:0.00 | Time: 15.35s
[1;92m
Saving checkpoint...
[0m

->> lr: 1.0000000000000002e-07

--------------------------------------------------
Epoch: 37 / 500
Train | Loss: 0.2523 | AP: 0.2626 | AUROC: 0.7550 | F1: 0.12 | F1/class: Atelectasis:0.29, Cardiomegaly:0.34, Effusion:0.52, Infiltration:0.46, Mass:0.04, Nodule:0.00, Pneumonia:0.00, Pneumothorax:0.00, Consolidation:0.00, Edema:0.00, Emphysema:0.00, Fibrosis:0.00, Pleural_Thickening:0.00, Hernia:0.00 | Time: 136.86s
Dev | Loss: 0.2610 | AP: 0.2388 | AUROC: 0.7193 | F1: 0.11 | F1/class: Atelectasis:0.30, Cardiomegaly:0.33, Effusion:0.51, Infiltration:0.41, Mass:0.03, Nodule:0.00, Pneumonia:0.00, Pneumothorax:0.00, Consolidation:0.00, Edema:0.00, Emphysema:0.00, Fibrosis:0.00, Pleural_Thickening:0.00, Hernia:0.00 | Time: 7.38s
test | Loss: 0.3027 | AP: 0.2358 | AUROC: 0.7108 | F1: 0.10 | F1/class: Atelectasis:0.22, Cardiomegaly:0.28, Effusion:0.48, Infiltration:0.43, Mass:0.02, Nodule:0.00, Pneumonia:0.00, Pneumothorax:0.00, Consolidation:0.00, Edema:0.00, Emphysema:0.00, Fibrosis:0.00, Pleural_Thickening:0.00, Hernia:0.00 | Time: 15.39s
[1;92m
Saving checkpoint...
[0m

->> lr: 1.0000000000000004e-08

--------------------------------------------------
Epoch: 38 / 500
Train | Loss: 0.2523 | AP: 0.2618 | AUROC: 0.7551 | F1: 0.12 | F1/class: Atelectasis:0.29, Cardiomegaly:0.33, Effusion:0.52, Infiltration:0.46, Mass:0.04, Nodule:0.00, Pneumonia:0.00, Pneumothorax:0.00, Consolidation:0.00, Edema:0.00, Emphysema:0.00, Fibrosis:0.00, Pleural_Thickening:0.00, Hernia:0.00 | Time: 137.56s
Dev | Loss: 0.2610 | AP: 0.2386 | AUROC: 0.7196 | F1: 0.11 | F1/class: Atelectasis:0.28, Cardiomegaly:0.33, Effusion:0.50, Infiltration:0.42, Mass:0.03, Nodule:0.00, Pneumonia:0.00, Pneumothorax:0.00, Consolidation:0.00, Edema:0.00, Emphysema:0.00, Fibrosis:0.00, Pleural_Thickening:0.00, Hernia:0.00 | Time: 7.45s
test | Loss: 0.3027 | AP: 0.2359 | AUROC: 0.7109 | F1: 0.10 | F1/class: Atelectasis:0.21, Cardiomegaly:0.28, Effusion:0.48, Infiltration:0.44, Mass:0.02, Nodule:0.00, Pneumonia:0.00, Pneumothorax:0.00, Consolidation:0.00, Edema:0.00, Emphysema:0.00, Fibrosis:0.00, Pleural_Thickening:0.00, Hernia:0.00 | Time: 15.40s

->> lr: 1.0000000000000004e-08

--------------------------------------------------
Epoch: 39 / 500
Train | Loss: 0.2522 | AP: 0.2618 | AUROC: 0.7557 | F1: 0.12 | F1/class: Atelectasis:0.28, Cardiomegaly:0.31, Effusion:0.53, Infiltration:0.46, Mass:0.04, Nodule:0.00, Pneumonia:0.00, Pneumothorax:0.00, Consolidation:0.00, Edema:0.00, Emphysema:0.00, Fibrosis:0.00, Pleural_Thickening:0.00, Hernia:0.00 | Time: 139.79s
Dev | Loss: 0.2612 | AP: 0.2390 | AUROC: 0.7194 | F1: 0.11 | F1/class: Atelectasis:0.25, Cardiomegaly:0.34, Effusion:0.48, Infiltration:0.43, Mass:0.04, Nodule:0.00, Pneumonia:0.00, Pneumothorax:0.00, Consolidation:0.00, Edema:0.00, Emphysema:0.00, Fibrosis:0.00, Pleural_Thickening:0.00, Hernia:0.00 | Time: 7.31s
test | Loss: 0.3024 | AP: 0.2352 | AUROC: 0.7096 | F1: 0.10 | F1/class: Atelectasis:0.18, Cardiomegaly:0.30, Effusion:0.45, Infiltration:0.43, Mass:0.03, Nodule:0.00, Pneumonia:0.00, Pneumothorax:0.00, Consolidation:0.00, Edema:0.00, Emphysema:0.00, Fibrosis:0.00, Pleural_Thickening:0.00, Hernia:0.00 | Time: 15.29s

->> lr: 1.0000000000000004e-08

--------------------------------------------------
Epoch: 40 / 500
Train | Loss: 0.2524 | AP: 0.2616 | AUROC: 0.7558 | F1: 0.12 | F1/class: Atelectasis:0.29, Cardiomegaly:0.32, Effusion:0.52, Infiltration:0.46, Mass:0.04, Nodule:0.00, Pneumonia:0.00, Pneumothorax:0.00, Consolidation:0.00, Edema:0.00, Emphysema:0.00, Fibrosis:0.00, Pleural_Thickening:0.00, Hernia:0.00 | Time: 134.79s
Dev | Loss: 0.2610 | AP: 0.2389 | AUROC: 0.7195 | F1: 0.11 | F1/class: Atelectasis:0.28, Cardiomegaly:0.34, Effusion:0.50, Infiltration:0.41, Mass:0.03, Nodule:0.00, Pneumonia:0.00, Pneumothorax:0.00, Consolidation:0.00, Edema:0.00, Emphysema:0.00, Fibrosis:0.00, Pleural_Thickening:0.00, Hernia:0.00 | Time: 7.39s
test | Loss: 0.3026 | AP: 0.2354 | AUROC: 0.7104 | F1: 0.10 | F1/class: Atelectasis:0.21, Cardiomegaly:0.29, Effusion:0.48, Infiltration:0.43, Mass:0.02, Nodule:0.00, Pneumonia:0.00, Pneumothorax:0.00, Consolidation:0.00, Edema:0.00, Emphysema:0.00, Fibrosis:0.00, Pleural_Thickening:0.00, Hernia:0.00 | Time: 15.23s

->> lr: 1.0000000000000004e-08

--------------------------------------------------
Epoch: 41 / 500
Train | Loss: 0.2524 | AP: 0.2609 | AUROC: 0.7556 | F1: 0.12 | F1/class: Atelectasis:0.29, Cardiomegaly:0.32, Effusion:0.52, Infiltration:0.46, Mass:0.03, Nodule:0.00, Pneumonia:0.00, Pneumothorax:0.00, Consolidation:0.00, Edema:0.00, Emphysema:0.00, Fibrosis:0.00, Pleural_Thickening:0.00, Hernia:0.00 | Time: 134.69s
Dev | Loss: 0.2610 | AP: 0.2387 | AUROC: 0.7195 | F1: 0.11 | F1/class: Atelectasis:0.28, Cardiomegaly:0.35, Effusion:0.50, Infiltration:0.42, Mass:0.04, Nodule:0.00, Pneumonia:0.00, Pneumothorax:0.00, Consolidation:0.00, Edema:0.00, Emphysema:0.00, Fibrosis:0.00, Pleural_Thickening:0.00, Hernia:0.00 | Time: 7.42s
test | Loss: 0.3030 | AP: 0.2355 | AUROC: 0.7105 | F1: 0.10 | F1/class: Atelectasis:0.21, Cardiomegaly:0.29, Effusion:0.48, Infiltration:0.43, Mass:0.02, Nodule:0.00, Pneumonia:0.00, Pneumothorax:0.00, Consolidation:0.00, Edema:0.00, Emphysema:0.00, Fibrosis:0.00, Pleural_Thickening:0.00, Hernia:0.00 | Time: 15.36s
[1;92m
Saving checkpoint...
[0m

->> lr: 1.0000000000000004e-08

--------------------------------------------------
Epoch: 42 / 500
Train | Loss: 0.2523 | AP: 0.2623 | AUROC: 0.7551 | F1: 0.12 | F1/class: Atelectasis:0.29, Cardiomegaly:0.31, Effusion:0.52, Infiltration:0.46, Mass:0.03, Nodule:0.00, Pneumonia:0.00, Pneumothorax:0.00, Consolidation:0.00, Edema:0.00, Emphysema:0.00, Fibrosis:0.00, Pleural_Thickening:0.00, Hernia:0.00 | Time: 140.22s
Dev | Loss: 0.2610 | AP: 0.2389 | AUROC: 0.7195 | F1: 0.11 | F1/class: Atelectasis:0.28, Cardiomegaly:0.33, Effusion:0.49, Infiltration:0.41, Mass:0.04, Nodule:0.00, Pneumonia:0.00, Pneumothorax:0.00, Consolidation:0.00, Edema:0.00, Emphysema:0.00, Fibrosis:0.00, Pleural_Thickening:0.00, Hernia:0.00 | Time: 7.41s
test | Loss: 0.3026 | AP: 0.2356 | AUROC: 0.7103 | F1: 0.10 | F1/class: Atelectasis:0.21, Cardiomegaly:0.27, Effusion:0.47, Infiltration:0.42, Mass:0.03, Nodule:0.00, Pneumonia:0.00, Pneumothorax:0.00, Consolidation:0.00, Edema:0.00, Emphysema:0.00, Fibrosis:0.00, Pleural_Thickening:0.00, Hernia:0.00 | Time: 15.28s

->> lr: 1.0000000000000004e-08

--------------------------------------------------
Epoch: 43 / 500
Train | Loss: 0.2524 | AP: 0.2624 | AUROC: 0.7556 | F1: 0.12 | F1/class: Atelectasis:0.28, Cardiomegaly:0.33, Effusion:0.52, Infiltration:0.45, Mass:0.04, Nodule:0.00, Pneumonia:0.00, Pneumothorax:0.00, Consolidation:0.00, Edema:0.00, Emphysema:0.00, Fibrosis:0.00, Pleural_Thickening:0.00, Hernia:0.00 | Time: 139.82s
Dev | Loss: 0.2610 | AP: 0.2390 | AUROC: 0.7196 | F1: 0.11 | F1/class: Atelectasis:0.26, Cardiomegaly:0.34, Effusion:0.49, Infiltration:0.43, Mass:0.03, Nodule:0.00, Pneumonia:0.00, Pneumothorax:0.00, Consolidation:0.00, Edema:0.00, Emphysema:0.00, Fibrosis:0.00, Pleural_Thickening:0.00, Hernia:0.00 | Time: 7.42s
test | Loss: 0.3025 | AP: 0.2354 | AUROC: 0.7100 | F1: 0.10 | F1/class: Atelectasis:0.19, Cardiomegaly:0.29, Effusion:0.47, Infiltration:0.44, Mass:0.02, Nodule:0.00, Pneumonia:0.00, Pneumothorax:0.00, Consolidation:0.00, Edema:0.00, Emphysema:0.00, Fibrosis:0.00, Pleural_Thickening:0.00, Hernia:0.00 | Time: 15.36s

->> lr: 1.0000000000000004e-08

--------------------------------------------------
Epoch: 44 / 500
Train | Loss: 0.2523 | AP: 0.2622 | AUROC: 0.7556 | F1: 0.12 | F1/class: Atelectasis:0.29, Cardiomegaly:0.33, Effusion:0.52, Infiltration:0.46, Mass:0.03, Nodule:0.00, Pneumonia:0.00, Pneumothorax:0.00, Consolidation:0.00, Edema:0.00, Emphysema:0.00, Fibrosis:0.00, Pleural_Thickening:0.00, Hernia:0.00 | Time: 142.03s
Dev | Loss: 0.2610 | AP: 0.2390 | AUROC: 0.7197 | F1: 0.11 | F1/class: Atelectasis:0.26, Cardiomegaly:0.33, Effusion:0.49, Infiltration:0.42, Mass:0.04, Nodule:0.00, Pneumonia:0.00, Pneumothorax:0.00, Consolidation:0.00, Edema:0.00, Emphysema:0.00, Fibrosis:0.00, Pleural_Thickening:0.00, Hernia:0.00 | Time: 7.38s
test | Loss: 0.3026 | AP: 0.2353 | AUROC: 0.7100 | F1: 0.10 | F1/class: Atelectasis:0.20, Cardiomegaly:0.28, Effusion:0.47, Infiltration:0.43, Mass:0.02, Nodule:0.00, Pneumonia:0.00, Pneumothorax:0.00, Consolidation:0.00, Edema:0.00, Emphysema:0.00, Fibrosis:0.00, Pleural_Thickening:0.00, Hernia:0.00 | Time: 15.34s

->> lr: 1.0000000000000004e-08

--------------------------------------------------
Epoch: 45 / 500
Train | Loss: 0.2524 | AP: 0.2618 | AUROC: 0.7550 | F1: 0.12 | F1/class: Atelectasis:0.28, Cardiomegaly:0.32, Effusion:0.52, Infiltration:0.46, Mass:0.03, Nodule:0.00, Pneumonia:0.00, Pneumothorax:0.00, Consolidation:0.00, Edema:0.00, Emphysema:0.00, Fibrosis:0.00, Pleural_Thickening:0.00, Hernia:0.00 | Time: 141.70s
Dev | Loss: 0.2609 | AP: 0.2390 | AUROC: 0.7194 | F1: 0.11 | F1/class: Atelectasis:0.29, Cardiomegaly:0.31, Effusion:0.51, Infiltration:0.42, Mass:0.04, Nodule:0.00, Pneumonia:0.00, Pneumothorax:0.00, Consolidation:0.00, Edema:0.00, Emphysema:0.00, Fibrosis:0.00, Pleural_Thickening:0.00, Hernia:0.00 | Time: 7.43s
test | Loss: 0.3028 | AP: 0.2356 | AUROC: 0.7105 | F1: 0.10 | F1/class: Atelectasis:0.21, Cardiomegaly:0.26, Effusion:0.48, Infiltration:0.43, Mass:0.03, Nodule:0.00, Pneumonia:0.00, Pneumothorax:0.00, Consolidation:0.00, Edema:0.00, Emphysema:0.00, Fibrosis:0.00, Pleural_Thickening:0.00, Hernia:0.00 | Time: 15.30s

->> lr: 1.0000000000000004e-08

--------------------------------------------------
Epoch: 46 / 500
Train | Loss: 0.2521 | AP: 0.2631 | AUROC: 0.7559 | F1: 0.12 | F1/class: Atelectasis:0.28, Cardiomegaly:0.32, Effusion:0.53, Infiltration:0.46, Mass:0.03, Nodule:0.00, Pneumonia:0.00, Pneumothorax:0.00, Consolidation:0.00, Edema:0.00, Emphysema:0.00, Fibrosis:0.00, Pleural_Thickening:0.00, Hernia:0.00 | Time: 142.12s
Dev | Loss: 0.2610 | AP: 0.2389 | AUROC: 0.7192 | F1: 0.11 | F1/class: Atelectasis:0.28, Cardiomegaly:0.34, Effusion:0.49, Infiltration:0.42, Mass:0.03, Nodule:0.00, Pneumonia:0.00, Pneumothorax:0.00, Consolidation:0.00, Edema:0.00, Emphysema:0.00, Fibrosis:0.00, Pleural_Thickening:0.00, Hernia:0.00 | Time: 7.39s
test | Loss: 0.3026 | AP: 0.2352 | AUROC: 0.7099 | F1: 0.10 | F1/class: Atelectasis:0.21, Cardiomegaly:0.28, Effusion:0.47, Infiltration:0.43, Mass:0.02, Nodule:0.00, Pneumonia:0.00, Pneumothorax:0.00, Consolidation:0.00, Edema:0.00, Emphysema:0.00, Fibrosis:0.00, Pleural_Thickening:0.00, Hernia:0.00 | Time: 15.36s

->> lr: 1.0000000000000004e-08

--------------------------------------------------
Epoch: 47 / 500
Train | Loss: 0.2524 | AP: 0.2612 | AUROC: 0.7555 | F1: 0.11 | F1/class: Atelectasis:0.29, Cardiomegaly:0.31, Effusion:0.52, Infiltration:0.45, Mass:0.03, Nodule:0.00, Pneumonia:0.00, Pneumothorax:0.00, Consolidation:0.00, Edema:0.00, Emphysema:0.00, Fibrosis:0.00, Pleural_Thickening:0.00, Hernia:0.00 | Time: 142.53s
Dev | Loss: 0.2610 | AP: 0.2391 | AUROC: 0.7193 | F1: 0.11 | F1/class: Atelectasis:0.27, Cardiomegaly:0.31, Effusion:0.46, Infiltration:0.42, Mass:0.03, Nodule:0.00, Pneumonia:0.00, Pneumothorax:0.00, Consolidation:0.00, Edema:0.00, Emphysema:0.00, Fibrosis:0.00, Pleural_Thickening:0.00, Hernia:0.00 | Time: 7.47s
test | Loss: 0.3025 | AP: 0.2351 | AUROC: 0.7094 | F1: 0.10 | F1/class: Atelectasis:0.21, Cardiomegaly:0.27, Effusion:0.44, Infiltration:0.43, Mass:0.02, Nodule:0.00, Pneumonia:0.00, Pneumothorax:0.00, Consolidation:0.00, Edema:0.00, Emphysema:0.00, Fibrosis:0.00, Pleural_Thickening:0.00, Hernia:0.00 | Time: 15.36s

->> lr: 1.0000000000000004e-08

--------------------------------------------------
Epoch: 48 / 500
Train | Loss: 0.2522 | AP: 0.2624 | AUROC: 0.7551 | F1: 0.12 | F1/class: Atelectasis:0.28, Cardiomegaly:0.33, Effusion:0.52, Infiltration:0.46, Mass:0.03, Nodule:0.00, Pneumonia:0.00, Pneumothorax:0.00, Consolidation:0.00, Edema:0.00, Emphysema:0.00, Fibrosis:0.00, Pleural_Thickening:0.00, Hernia:0.00 | Time: 135.78s
Dev | Loss: 0.2610 | AP: 0.2388 | AUROC: 0.7194 | F1: 0.11 | F1/class: Atelectasis:0.29, Cardiomegaly:0.31, Effusion:0.51, Infiltration:0.42, Mass:0.04, Nodule:0.00, Pneumonia:0.00, Pneumothorax:0.00, Consolidation:0.00, Edema:0.00, Emphysema:0.00, Fibrosis:0.00, Pleural_Thickening:0.00, Hernia:0.00 | Time: 7.36s
test | Loss: 0.3029 | AP: 0.2357 | AUROC: 0.7105 | F1: 0.10 | F1/class: Atelectasis:0.21, Cardiomegaly:0.26, Effusion:0.48, Infiltration:0.43, Mass:0.03, Nodule:0.00, Pneumonia:0.00, Pneumothorax:0.00, Consolidation:0.00, Edema:0.00, Emphysema:0.00, Fibrosis:0.00, Pleural_Thickening:0.00, Hernia:0.00 | Time: 15.38s

->> lr: 1.0000000000000004e-08

--------------------------------------------------
Epoch: 49 / 500
Train | Loss: 0.2523 | AP: 0.2616 | AUROC: 0.7559 | F1: 0.12 | F1/class: Atelectasis:0.29, Cardiomegaly:0.33, Effusion:0.52, Infiltration:0.46, Mass:0.03, Nodule:0.00, Pneumonia:0.00, Pneumothorax:0.00, Consolidation:0.00, Edema:0.01, Emphysema:0.00, Fibrosis:0.00, Pleural_Thickening:0.00, Hernia:0.00 | Time: 136.71s
Dev | Loss: 0.2609 | AP: 0.2387 | AUROC: 0.7194 | F1: 0.11 | F1/class: Atelectasis:0.28, Cardiomegaly:0.33, Effusion:0.50, Infiltration:0.41, Mass:0.04, Nodule:0.00, Pneumonia:0.00, Pneumothorax:0.00, Consolidation:0.00, Edema:0.00, Emphysema:0.00, Fibrosis:0.00, Pleural_Thickening:0.00, Hernia:0.00 | Time: 7.52s
test | Loss: 0.3022 | AP: 0.2358 | AUROC: 0.7107 | F1: 0.10 | F1/class: Atelectasis:0.21, Cardiomegaly:0.27, Effusion:0.48, Infiltration:0.43, Mass:0.03, Nodule:0.00, Pneumonia:0.00, Pneumothorax:0.00, Consolidation:0.00, Edema:0.00, Emphysema:0.00, Fibrosis:0.00, Pleural_Thickening:0.00, Hernia:0.00 | Time: 15.35s

->> lr: 1.0000000000000004e-08

--------------------------------------------------
Epoch: 50 / 500
Train | Loss: 0.2521 | AP: 0.2627 | AUROC: 0.7568 | F1: 0.12 | F1/class: Atelectasis:0.29, Cardiomegaly:0.32, Effusion:0.52, Infiltration:0.46, Mass:0.03, Nodule:0.00, Pneumonia:0.00, Pneumothorax:0.00, Consolidation:0.00, Edema:0.00, Emphysema:0.00, Fibrosis:0.00, Pleural_Thickening:0.00, Hernia:0.00 | Time: 135.41s
Dev | Loss: 0.2609 | AP: 0.2391 | AUROC: 0.7192 | F1: 0.11 | F1/class: Atelectasis:0.28, Cardiomegaly:0.33, Effusion:0.49, Infiltration:0.42, Mass:0.03, Nodule:0.00, Pneumonia:0.00, Pneumothorax:0.00, Consolidation:0.00, Edema:0.00, Emphysema:0.00, Fibrosis:0.00, Pleural_Thickening:0.00, Hernia:0.00 | Time: 7.31s
test | Loss: 0.3024 | AP: 0.2350 | AUROC: 0.7097 | F1: 0.10 | F1/class: Atelectasis:0.21, Cardiomegaly:0.27, Effusion:0.47, Infiltration:0.42, Mass:0.02, Nodule:0.00, Pneumonia:0.00, Pneumothorax:0.00, Consolidation:0.00, Edema:0.00, Emphysema:0.00, Fibrosis:0.00, Pleural_Thickening:0.00, Hernia:0.00 | Time: 15.33s

->> lr: 1.0000000000000004e-08

--------------------------------------------------
Epoch: 51 / 500
Train | Loss: 0.2523 | AP: 0.2613 | AUROC: 0.7561 | F1: 0.12 | F1/class: Atelectasis:0.28, Cardiomegaly:0.33, Effusion:0.52, Infiltration:0.45, Mass:0.03, Nodule:0.00, Pneumonia:0.00, Pneumothorax:0.00, Consolidation:0.00, Edema:0.00, Emphysema:0.00, Fibrosis:0.00, Pleural_Thickening:0.00, Hernia:0.00 | Time: 134.78s
Dev | Loss: 0.2610 | AP: 0.2385 | AUROC: 0.7197 | F1: 0.11 | F1/class: Atelectasis:0.29, Cardiomegaly:0.34, Effusion:0.50, Infiltration:0.42, Mass:0.03, Nodule:0.00, Pneumonia:0.00, Pneumothorax:0.00, Consolidation:0.00, Edema:0.00, Emphysema:0.00, Fibrosis:0.00, Pleural_Thickening:0.00, Hernia:0.00 | Time: 7.36s
test | Loss: 0.3028 | AP: 0.2356 | AUROC: 0.7106 | F1: 0.10 | F1/class: Atelectasis:0.21, Cardiomegaly:0.28, Effusion:0.48, Infiltration:0.44, Mass:0.02, Nodule:0.00, Pneumonia:0.00, Pneumothorax:0.00, Consolidation:0.00, Edema:0.00, Emphysema:0.00, Fibrosis:0.00, Pleural_Thickening:0.00, Hernia:0.00 | Time: 15.29s
[1;92m
Saving checkpoint...
[0m

->> lr: 1.0000000000000004e-08

--------------------------------------------------
Epoch: 52 / 500
Train | Loss: 0.2522 | AP: 0.2630 | AUROC: 0.7549 | F1: 0.12 | F1/class: Atelectasis:0.29, Cardiomegaly:0.32, Effusion:0.52, Infiltration:0.46, Mass:0.04, Nodule:0.00, Pneumonia:0.00, Pneumothorax:0.00, Consolidation:0.00, Edema:0.00, Emphysema:0.00, Fibrosis:0.00, Pleural_Thickening:0.00, Hernia:0.00 | Time: 137.61s
Dev | Loss: 0.2610 | AP: 0.2386 | AUROC: 0.7194 | F1: 0.11 | F1/class: Atelectasis:0.30, Cardiomegaly:0.31, Effusion:0.50, Infiltration:0.41, Mass:0.03, Nodule:0.00, Pneumonia:0.00, Pneumothorax:0.00, Consolidation:0.00, Edema:0.00, Emphysema:0.00, Fibrosis:0.00, Pleural_Thickening:0.00, Hernia:0.00 | Time: 7.30s
test | Loss: 0.3027 | AP: 0.2357 | AUROC: 0.7106 | F1: 0.10 | F1/class: Atelectasis:0.22, Cardiomegaly:0.26, Effusion:0.47, Infiltration:0.43, Mass:0.02, Nodule:0.00, Pneumonia:0.00, Pneumothorax:0.00, Consolidation:0.00, Edema:0.00, Emphysema:0.00, Fibrosis:0.00, Pleural_Thickening:0.00, Hernia:0.00 | Time: 15.28s

->> lr: 1.0000000000000004e-08

--------------------------------------------------
Epoch: 53 / 500
Train | Loss: 0.2524 | AP: 0.2621 | AUROC: 0.7550 | F1: 0.12 | F1/class: Atelectasis:0.29, Cardiomegaly:0.33, Effusion:0.52, Infiltration:0.45, Mass:0.04, Nodule:0.00, Pneumonia:0.00, Pneumothorax:0.00, Consolidation:0.00, Edema:0.00, Emphysema:0.00, Fibrosis:0.00, Pleural_Thickening:0.00, Hernia:0.00 | Time: 135.88s
Dev | Loss: 0.2609 | AP: 0.2389 | AUROC: 0.7195 | F1: 0.11 | F1/class: Atelectasis:0.29, Cardiomegaly:0.33, Effusion:0.50, Infiltration:0.42, Mass:0.04, Nodule:0.00, Pneumonia:0.00, Pneumothorax:0.00, Consolidation:0.00, Edema:0.00, Emphysema:0.00, Fibrosis:0.00, Pleural_Thickening:0.00, Hernia:0.00 | Time: 7.35s
test | Loss: 0.3027 | AP: 0.2357 | AUROC: 0.7106 | F1: 0.10 | F1/class: Atelectasis:0.22, Cardiomegaly:0.28, Effusion:0.48, Infiltration:0.43, Mass:0.03, Nodule:0.00, Pneumonia:0.00, Pneumothorax:0.00, Consolidation:0.00, Edema:0.00, Emphysema:0.00, Fibrosis:0.00, Pleural_Thickening:0.00, Hernia:0.00 | Time: 15.32s

->> lr: 1.0000000000000004e-08

--------------------------------------------------
Epoch: 54 / 500
Train | Loss: 0.2524 | AP: 0.2621 | AUROC: 0.7558 | F1: 0.12 | F1/class: Atelectasis:0.28, Cardiomegaly:0.32, Effusion:0.52, Infiltration:0.46, Mass:0.03, Nodule:0.00, Pneumonia:0.00, Pneumothorax:0.00, Consolidation:0.00, Edema:0.00, Emphysema:0.00, Fibrosis:0.00, Pleural_Thickening:0.00, Hernia:0.00 | Time: 133.47s
Dev | Loss: 0.2609 | AP: 0.2387 | AUROC: 0.7195 | F1: 0.11 | F1/class: Atelectasis:0.29, Cardiomegaly:0.33, Effusion:0.50, Infiltration:0.42, Mass:0.03, Nodule:0.00, Pneumonia:0.00, Pneumothorax:0.00, Consolidation:0.00, Edema:0.00, Emphysema:0.00, Fibrosis:0.00, Pleural_Thickening:0.00, Hernia:0.00 | Time: 7.35s
test | Loss: 0.3026 | AP: 0.2357 | AUROC: 0.7106 | F1: 0.10 | F1/class: Atelectasis:0.21, Cardiomegaly:0.28, Effusion:0.48, Infiltration:0.43, Mass:0.02, Nodule:0.00, Pneumonia:0.00, Pneumothorax:0.00, Consolidation:0.00, Edema:0.00, Emphysema:0.00, Fibrosis:0.00, Pleural_Thickening:0.00, Hernia:0.00 | Time: 15.27s

->> lr: 1.0000000000000004e-08

--------------------------------------------------
Epoch: 55 / 500
Train | Loss: 0.2523 | AP: 0.2624 | AUROC: 0.7551 | F1: 0.11 | F1/class: Atelectasis:0.28, Cardiomegaly:0.32, Effusion:0.52, Infiltration:0.46, Mass:0.03, Nodule:0.00, Pneumonia:0.00, Pneumothorax:0.00, Consolidation:0.00, Edema:0.00, Emphysema:0.00, Fibrosis:0.00, Pleural_Thickening:0.00, Hernia:0.00 | Time: 136.78s
Dev | Loss: 0.2610 | AP: 0.2390 | AUROC: 0.7194 | F1: 0.11 | F1/class: Atelectasis:0.27, Cardiomegaly:0.34, Effusion:0.50, Infiltration:0.43, Mass:0.03, Nodule:0.00, Pneumonia:0.00, Pneumothorax:0.00, Consolidation:0.00, Edema:0.00, Emphysema:0.00, Fibrosis:0.00, Pleural_Thickening:0.00, Hernia:0.00 | Time: 7.37s
test | Loss: 0.3025 | AP: 0.2351 | AUROC: 0.7098 | F1: 0.10 | F1/class: Atelectasis:0.20, Cardiomegaly:0.29, Effusion:0.48, Infiltration:0.43, Mass:0.02, Nodule:0.00, Pneumonia:0.00, Pneumothorax:0.00, Consolidation:0.00, Edema:0.00, Emphysema:0.00, Fibrosis:0.00, Pleural_Thickening:0.00, Hernia:0.00 | Time: 15.23s

->> lr: 1.0000000000000004e-08

--------------------------------------------------
Epoch: 56 / 500
Train | Loss: 0.2523 | AP: 0.2622 | AUROC: 0.7553 | F1: 0.12 | F1/class: Atelectasis:0.29, Cardiomegaly:0.33, Effusion:0.52, Infiltration:0.46, Mass:0.04, Nodule:0.00, Pneumonia:0.00, Pneumothorax:0.00, Consolidation:0.00, Edema:0.00, Emphysema:0.00, Fibrosis:0.00, Pleural_Thickening:0.00, Hernia:0.00 | Time: 135.12s
Dev | Loss: 0.2611 | AP: 0.2390 | AUROC: 0.7191 | F1: 0.11 | F1/class: Atelectasis:0.29, Cardiomegaly:0.33, Effusion:0.48, Infiltration:0.43, Mass:0.04, Nodule:0.00, Pneumonia:0.00, Pneumothorax:0.00, Consolidation:0.00, Edema:0.00, Emphysema:0.00, Fibrosis:0.00, Pleural_Thickening:0.00, Hernia:0.00 | Time: 7.29s
test | Loss: 0.3028 | AP: 0.2351 | AUROC: 0.7097 | F1: 0.10 | F1/class: Atelectasis:0.22, Cardiomegaly:0.28, Effusion:0.46, Infiltration:0.43, Mass:0.03, Nodule:0.00, Pneumonia:0.00, Pneumothorax:0.00, Consolidation:0.00, Edema:0.00, Emphysema:0.00, Fibrosis:0.00, Pleural_Thickening:0.00, Hernia:0.00 | Time: 15.22s

->> lr: 1.0000000000000004e-08

--------------------------------------------------
Epoch: 57 / 500
Train | Loss: 0.2523 | AP: 0.2627 | AUROC: 0.7560 | F1: 0.12 | F1/class: Atelectasis:0.29, Cardiomegaly:0.33, Effusion:0.52, Infiltration:0.45, Mass:0.03, Nodule:0.00, Pneumonia:0.00, Pneumothorax:0.00, Consolidation:0.00, Edema:0.00, Emphysema:0.00, Fibrosis:0.00, Pleural_Thickening:0.00, Hernia:0.00 | Time: 139.25s
Dev | Loss: 0.2610 | AP: 0.2391 | AUROC: 0.7193 | F1: 0.11 | F1/class: Atelectasis:0.27, Cardiomegaly:0.33, Effusion:0.49, Infiltration:0.42, Mass:0.03, Nodule:0.00, Pneumonia:0.00, Pneumothorax:0.00, Consolidation:0.00, Edema:0.00, Emphysema:0.00, Fibrosis:0.00, Pleural_Thickening:0.00, Hernia:0.00 | Time: 7.30s
test | Loss: 0.3026 | AP: 0.2352 | AUROC: 0.7097 | F1: 0.10 | F1/class: Atelectasis:0.20, Cardiomegaly:0.28, Effusion:0.47, Infiltration:0.43, Mass:0.02, Nodule:0.00, Pneumonia:0.00, Pneumothorax:0.00, Consolidation:0.00, Edema:0.00, Emphysema:0.00, Fibrosis:0.00, Pleural_Thickening:0.00, Hernia:0.00 | Time: 15.22s

->> lr: 1.0000000000000004e-08

--------------------------------------------------
Epoch: 58 / 500
Train | Loss: 0.2522 | AP: 0.2619 | AUROC: 0.7561 | F1: 0.12 | F1/class: Atelectasis:0.29, Cardiomegaly:0.32, Effusion:0.53, Infiltration:0.46, Mass:0.03, Nodule:0.00, Pneumonia:0.00, Pneumothorax:0.00, Consolidation:0.00, Edema:0.00, Emphysema:0.00, Fibrosis:0.00, Pleural_Thickening:0.00, Hernia:0.00 | Time: 133.99s
Dev | Loss: 0.2610 | AP: 0.2388 | AUROC: 0.7194 | F1: 0.11 | F1/class: Atelectasis:0.29, Cardiomegaly:0.32, Effusion:0.49, Infiltration:0.42, Mass:0.04, Nodule:0.00, Pneumonia:0.00, Pneumothorax:0.00, Consolidation:0.00, Edema:0.00, Emphysema:0.00, Fibrosis:0.00, Pleural_Thickening:0.00, Hernia:0.00 | Time: 7.49s
test | Loss: 0.3027 | AP: 0.2356 | AUROC: 0.7102 | F1: 0.10 | F1/class: Atelectasis:0.21, Cardiomegaly:0.26, Effusion:0.47, Infiltration:0.43, Mass:0.03, Nodule:0.00, Pneumonia:0.00, Pneumothorax:0.00, Consolidation:0.00, Edema:0.00, Emphysema:0.00, Fibrosis:0.00, Pleural_Thickening:0.00, Hernia:0.00 | Time: 15.37s

->> lr: 1.0000000000000004e-08

--------------------------------------------------
Epoch: 59 / 500
Train | Loss: 0.2523 | AP: 0.2627 | AUROC: 0.7552 | F1: 0.12 | F1/class: Atelectasis:0.29, Cardiomegaly:0.32, Effusion:0.52, Infiltration:0.45, Mass:0.03, Nodule:0.00, Pneumonia:0.00, Pneumothorax:0.00, Consolidation:0.00, Edema:0.00, Emphysema:0.00, Fibrosis:0.00, Pleural_Thickening:0.00, Hernia:0.00 | Time: 132.21s
Dev | Loss: 0.2610 | AP: 0.2388 | AUROC: 0.7193 | F1: 0.11 | F1/class: Atelectasis:0.29, Cardiomegaly:0.33, Effusion:0.49, Infiltration:0.41, Mass:0.04, Nodule:0.00, Pneumonia:0.00, Pneumothorax:0.00, Consolidation:0.00, Edema:0.00, Emphysema:0.00, Fibrosis:0.00, Pleural_Thickening:0.00, Hernia:0.00 | Time: 7.31s
test | Loss: 0.3022 | AP: 0.2357 | AUROC: 0.7104 | F1: 0.10 | F1/class: Atelectasis:0.22, Cardiomegaly:0.27, Effusion:0.47, Infiltration:0.42, Mass:0.03, Nodule:0.00, Pneumonia:0.00, Pneumothorax:0.00, Consolidation:0.00, Edema:0.00, Emphysema:0.00, Fibrosis:0.00, Pleural_Thickening:0.00, Hernia:0.00 | Time: 15.22s

->> lr: 1.0000000000000004e-08

--------------------------------------------------
Epoch: 60 / 500
Train | Loss: 0.2524 | AP: 0.2617 | AUROC: 0.7556 | F1: 0.12 | F1/class: Atelectasis:0.29, Cardiomegaly:0.32, Effusion:0.52, Infiltration:0.46, Mass:0.04, Nodule:0.00, Pneumonia:0.00, Pneumothorax:0.00, Consolidation:0.00, Edema:0.00, Emphysema:0.00, Fibrosis:0.00, Pleural_Thickening:0.00, Hernia:0.00 | Time: 133.97s
Dev | Loss: 0.2610 | AP: 0.2388 | AUROC: 0.7194 | F1: 0.11 | F1/class: Atelectasis:0.30, Cardiomegaly:0.32, Effusion:0.49, Infiltration:0.43, Mass:0.03, Nodule:0.00, Pneumonia:0.00, Pneumothorax:0.00, Consolidation:0.00, Edema:0.00, Emphysema:0.00, Fibrosis:0.00, Pleural_Thickening:0.00, Hernia:0.00 | Time: 7.34s
test | Loss: 0.3029 | AP: 0.2353 | AUROC: 0.7099 | F1: 0.10 | F1/class: Atelectasis:0.22, Cardiomegaly:0.27, Effusion:0.46, Infiltration:0.44, Mass:0.02, Nodule:0.00, Pneumonia:0.00, Pneumothorax:0.00, Consolidation:0.00, Edema:0.00, Emphysema:0.00, Fibrosis:0.00, Pleural_Thickening:0.00, Hernia:0.00 | Time: 15.15s

->> lr: 1.0000000000000004e-08

--------------------------------------------------
Epoch: 61 / 500
Train | Loss: 0.2523 | AP: 0.2629 | AUROC: 0.7564 | F1: 0.12 | F1/class: Atelectasis:0.29, Cardiomegaly:0.33, Effusion:0.52, Infiltration:0.46, Mass:0.03, Nodule:0.00, Pneumonia:0.00, Pneumothorax:0.00, Consolidation:0.00, Edema:0.00, Emphysema:0.00, Fibrosis:0.00, Pleural_Thickening:0.00, Hernia:0.00 | Time: 138.43s
Dev | Loss: 0.2609 | AP: 0.2388 | AUROC: 0.7194 | F1: 0.11 | F1/class: Atelectasis:0.28, Cardiomegaly:0.32, Effusion:0.49, Infiltration:0.42, Mass:0.04, Nodule:0.00, Pneumonia:0.00, Pneumothorax:0.00, Consolidation:0.00, Edema:0.00, Emphysema:0.00, Fibrosis:0.00, Pleural_Thickening:0.00, Hernia:0.00 | Time: 7.34s
test | Loss: 0.3027 | AP: 0.2357 | AUROC: 0.7103 | F1: 0.10 | F1/class: Atelectasis:0.21, Cardiomegaly:0.26, Effusion:0.47, Infiltration:0.43, Mass:0.03, Nodule:0.00, Pneumonia:0.00, Pneumothorax:0.00, Consolidation:0.00, Edema:0.00, Emphysema:0.00, Fibrosis:0.00, Pleural_Thickening:0.00, Hernia:0.00 | Time: 15.32s

->> lr: 1.0000000000000004e-08

--------------------------------------------------
Epoch: 62 / 500
Train | Loss: 0.2522 | AP: 0.2625 | AUROC: 0.7561 | F1: 0.12 | F1/class: Atelectasis:0.28, Cardiomegaly:0.33, Effusion:0.52, Infiltration:0.46, Mass:0.04, Nodule:0.00, Pneumonia:0.00, Pneumothorax:0.00, Consolidation:0.00, Edema:0.00, Emphysema:0.00, Fibrosis:0.00, Pleural_Thickening:0.00, Hernia:0.00 | Time: 131.49s
Dev | Loss: 0.2609 | AP: 0.2389 | AUROC: 0.7196 | F1: 0.11 | F1/class: Atelectasis:0.26, Cardiomegaly:0.31, Effusion:0.49, Infiltration:0.42, Mass:0.03, Nodule:0.00, Pneumonia:0.00, Pneumothorax:0.00, Consolidation:0.00, Edema:0.00, Emphysema:0.00, Fibrosis:0.00, Pleural_Thickening:0.00, Hernia:0.00 | Time: 7.40s
test | Loss: 0.3023 | AP: 0.2356 | AUROC: 0.7101 | F1: 0.10 | F1/class: Atelectasis:0.20, Cardiomegaly:0.26, Effusion:0.47, Infiltration:0.43, Mass:0.02, Nodule:0.00, Pneumonia:0.00, Pneumothorax:0.00, Consolidation:0.00, Edema:0.00, Emphysema:0.00, Fibrosis:0.00, Pleural_Thickening:0.00, Hernia:0.00 | Time: 15.28s

->> lr: 1.0000000000000004e-08

--------------------------------------------------
Epoch: 63 / 500
Train | Loss: 0.2524 | AP: 0.2614 | AUROC: 0.7553 | F1: 0.12 | F1/class: Atelectasis:0.28, Cardiomegaly:0.32, Effusion:0.52, Infiltration:0.46, Mass:0.03, Nodule:0.00, Pneumonia:0.00, Pneumothorax:0.00, Consolidation:0.00, Edema:0.01, Emphysema:0.00, Fibrosis:0.00, Pleural_Thickening:0.00, Hernia:0.00 | Time: 134.22s
Dev | Loss: 0.2610 | AP: 0.2386 | AUROC: 0.7194 | F1: 0.11 | F1/class: Atelectasis:0.29, Cardiomegaly:0.34, Effusion:0.50, Infiltration:0.43, Mass:0.03, Nodule:0.00, Pneumonia:0.00, Pneumothorax:0.00, Consolidation:0.00, Edema:0.00, Emphysema:0.00, Fibrosis:0.00, Pleural_Thickening:0.00, Hernia:0.00 | Time: 7.62s
test | Loss: 0.3027 | AP: 0.2356 | AUROC: 0.7106 | F1: 0.10 | F1/class: Atelectasis:0.21, Cardiomegaly:0.28, Effusion:0.48, Infiltration:0.44, Mass:0.02, Nodule:0.00, Pneumonia:0.00, Pneumothorax:0.00, Consolidation:0.00, Edema:0.00, Emphysema:0.00, Fibrosis:0.00, Pleural_Thickening:0.00, Hernia:0.00 | Time: 15.28s
[1;92m
Saving checkpoint...
[0m

->> lr: 1.0000000000000004e-08

--------------------------------------------------
Epoch: 64 / 500
Train | Loss: 0.2524 | AP: 0.2614 | AUROC: 0.7560 | F1: 0.12 | F1/class: Atelectasis:0.29, Cardiomegaly:0.32, Effusion:0.52, Infiltration:0.46, Mass:0.04, Nodule:0.00, Pneumonia:0.00, Pneumothorax:0.00, Consolidation:0.00, Edema:0.00, Emphysema:0.00, Fibrosis:0.00, Pleural_Thickening:0.00, Hernia:0.00 | Time: 138.72s
Dev | Loss: 0.2610 | AP: 0.2387 | AUROC: 0.7194 | F1: 0.11 | F1/class: Atelectasis:0.29, Cardiomegaly:0.33, Effusion:0.51, Infiltration:0.42, Mass:0.04, Nodule:0.00, Pneumonia:0.00, Pneumothorax:0.00, Consolidation:0.00, Edema:0.00, Emphysema:0.00, Fibrosis:0.00, Pleural_Thickening:0.00, Hernia:0.00 | Time: 7.65s
test | Loss: 0.3027 | AP: 0.2357 | AUROC: 0.7107 | F1: 0.10 | F1/class: Atelectasis:0.22, Cardiomegaly:0.27, Effusion:0.48, Infiltration:0.43, Mass:0.03, Nodule:0.00, Pneumonia:0.00, Pneumothorax:0.00, Consolidation:0.00, Edema:0.00, Emphysema:0.00, Fibrosis:0.00, Pleural_Thickening:0.00, Hernia:0.00 | Time: 15.27s

->> lr: 1.0000000000000004e-08

--------------------------------------------------
Epoch: 65 / 500
Train | Loss: 0.2522 | AP: 0.2624 | AUROC: 0.7554 | F1: 0.12 | F1/class: Atelectasis:0.28, Cardiomegaly:0.33, Effusion:0.53, Infiltration:0.46, Mass:0.03, Nodule:0.00, Pneumonia:0.00, Pneumothorax:0.00, Consolidation:0.00, Edema:0.00, Emphysema:0.00, Fibrosis:0.00, Pleural_Thickening:0.00, Hernia:0.00 | Time: 136.90s
Dev | Loss: 0.2610 | AP: 0.2385 | AUROC: 0.7193 | F1: 0.11 | F1/class: Atelectasis:0.28, Cardiomegaly:0.32, Effusion:0.48, Infiltration:0.42, Mass:0.04, Nodule:0.00, Pneumonia:0.00, Pneumothorax:0.00, Consolidation:0.00, Edema:0.01, Emphysema:0.00, Fibrosis:0.00, Pleural_Thickening:0.00, Hernia:0.00 | Time: 7.58s
test | Loss: 0.3026 | AP: 0.2358 | AUROC: 0.7102 | F1: 0.10 | F1/class: Atelectasis:0.21, Cardiomegaly:0.26, Effusion:0.45, Infiltration:0.44, Mass:0.03, Nodule:0.00, Pneumonia:0.00, Pneumothorax:0.00, Consolidation:0.00, Edema:0.00, Emphysema:0.00, Fibrosis:0.00, Pleural_Thickening:0.00, Hernia:0.00 | Time: 15.30s

->> lr: 1.0000000000000004e-08

--------------------------------------------------
Epoch: 66 / 500
Train | Loss: 0.2524 | AP: 0.2616 | AUROC: 0.7553 | F1: 0.12 | F1/class: Atelectasis:0.29, Cardiomegaly:0.32, Effusion:0.52, Infiltration:0.46, Mass:0.03, Nodule:0.00, Pneumonia:0.00, Pneumothorax:0.00, Consolidation:0.00, Edema:0.00, Emphysema:0.00, Fibrosis:0.00, Pleural_Thickening:0.00, Hernia:0.00 | Time: 140.96s
Dev | Loss: 0.2610 | AP: 0.2388 | AUROC: 0.7195 | F1: 0.11 | F1/class: Atelectasis:0.26, Cardiomegaly:0.30, Effusion:0.49, Infiltration:0.42, Mass:0.04, Nodule:0.00, Pneumonia:0.00, Pneumothorax:0.00, Consolidation:0.00, Edema:0.00, Emphysema:0.00, Fibrosis:0.00, Pleural_Thickening:0.00, Hernia:0.00 | Time: 7.63s
test | Loss: 0.3024 | AP: 0.2359 | AUROC: 0.7104 | F1: 0.10 | F1/class: Atelectasis:0.20, Cardiomegaly:0.25, Effusion:0.46, Infiltration:0.44, Mass:0.03, Nodule:0.00, Pneumonia:0.00, Pneumothorax:0.00, Consolidation:0.00, Edema:0.00, Emphysema:0.00, Fibrosis:0.00, Pleural_Thickening:0.00, Hernia:0.00 | Time: 15.28s

->> lr: 1.0000000000000004e-08

--------------------------------------------------
Epoch: 67 / 500
Train | Loss: 0.2525 | AP: 0.2614 | AUROC: 0.7550 | F1: 0.12 | F1/class: Atelectasis:0.28, Cardiomegaly:0.32, Effusion:0.52, Infiltration:0.46, Mass:0.04, Nodule:0.00, Pneumonia:0.00, Pneumothorax:0.00, Consolidation:0.00, Edema:0.00, Emphysema:0.00, Fibrosis:0.00, Pleural_Thickening:0.00, Hernia:0.00 | Time: 140.63s
Dev | Loss: 0.2610 | AP: 0.2387 | AUROC: 0.7195 | F1: 0.11 | F1/class: Atelectasis:0.29, Cardiomegaly:0.32, Effusion:0.49, Infiltration:0.44, Mass:0.03, Nodule:0.00, Pneumonia:0.00, Pneumothorax:0.00, Consolidation:0.00, Edema:0.00, Emphysema:0.00, Fibrosis:0.00, Pleural_Thickening:0.00, Hernia:0.00 | Time: 7.64s
test | Loss: 0.3023 | AP: 0.2355 | AUROC: 0.7102 | F1: 0.10 | F1/class: Atelectasis:0.22, Cardiomegaly:0.27, Effusion:0.46, Infiltration:0.44, Mass:0.02, Nodule:0.00, Pneumonia:0.00, Pneumothorax:0.00, Consolidation:0.00, Edema:0.00, Emphysema:0.00, Fibrosis:0.00, Pleural_Thickening:0.00, Hernia:0.00 | Time: 15.29s

->> lr: 1.0000000000000004e-08

--------------------------------------------------
Epoch: 68 / 500
Train | Loss: 0.2522 | AP: 0.2622 | AUROC: 0.7554 | F1: 0.12 | F1/class: Atelectasis:0.28, Cardiomegaly:0.33, Effusion:0.53, Infiltration:0.46, Mass:0.03, Nodule:0.00, Pneumonia:0.00, Pneumothorax:0.00, Consolidation:0.00, Edema:0.00, Emphysema:0.00, Fibrosis:0.00, Pleural_Thickening:0.00, Hernia:0.00 | Time: 140.29s
Dev | Loss: 0.2609 | AP: 0.2387 | AUROC: 0.7195 | F1: 0.11 | F1/class: Atelectasis:0.28, Cardiomegaly:0.34, Effusion:0.50, Infiltration:0.42, Mass:0.03, Nodule:0.00, Pneumonia:0.00, Pneumothorax:0.00, Consolidation:0.00, Edema:0.00, Emphysema:0.00, Fibrosis:0.00, Pleural_Thickening:0.00, Hernia:0.00 | Time: 7.57s
test | Loss: 0.3023 | AP: 0.2357 | AUROC: 0.7105 | F1: 0.10 | F1/class: Atelectasis:0.21, Cardiomegaly:0.28, Effusion:0.48, Infiltration:0.43, Mass:0.02, Nodule:0.00, Pneumonia:0.00, Pneumothorax:0.00, Consolidation:0.00, Edema:0.00, Emphysema:0.00, Fibrosis:0.00, Pleural_Thickening:0.00, Hernia:0.00 | Time: 15.31s

->> lr: 1.0000000000000004e-08

--------------------------------------------------
Epoch: 69 / 500
Train | Loss: 0.2523 | AP: 0.2618 | AUROC: 0.7553 | F1: 0.12 | F1/class: Atelectasis:0.29, Cardiomegaly:0.31, Effusion:0.52, Infiltration:0.46, Mass:0.03, Nodule:0.00, Pneumonia:0.00, Pneumothorax:0.00, Consolidation:0.00, Edema:0.00, Emphysema:0.00, Fibrosis:0.00, Pleural_Thickening:0.00, Hernia:0.00 | Time: 137.82s
Dev | Loss: 0.2610 | AP: 0.2389 | AUROC: 0.7195 | F1: 0.11 | F1/class: Atelectasis:0.28, Cardiomegaly:0.33, Effusion:0.49, Infiltration:0.42, Mass:0.04, Nodule:0.00, Pneumonia:0.00, Pneumothorax:0.00, Consolidation:0.00, Edema:0.00, Emphysema:0.00, Fibrosis:0.00, Pleural_Thickening:0.00, Hernia:0.00 | Time: 7.52s
test | Loss: 0.3023 | AP: 0.2358 | AUROC: 0.7106 | F1: 0.10 | F1/class: Atelectasis:0.21, Cardiomegaly:0.28, Effusion:0.47, Infiltration:0.42, Mass:0.03, Nodule:0.00, Pneumonia:0.00, Pneumothorax:0.00, Consolidation:0.00, Edema:0.00, Emphysema:0.00, Fibrosis:0.00, Pleural_Thickening:0.00, Hernia:0.00 | Time: 15.32s

->> lr: 1.0000000000000004e-08

--------------------------------------------------
Epoch: 70 / 500
Train | Loss: 0.2523 | AP: 0.2616 | AUROC: 0.7554 | F1: 0.12 | F1/class: Atelectasis:0.28, Cardiomegaly:0.31, Effusion:0.52, Infiltration:0.46, Mass:0.03, Nodule:0.00, Pneumonia:0.00, Pneumothorax:0.00, Consolidation:0.00, Edema:0.00, Emphysema:0.00, Fibrosis:0.00, Pleural_Thickening:0.00, Hernia:0.00 | Time: 140.45s
Dev | Loss: 0.2609 | AP: 0.2389 | AUROC: 0.7194 | F1: 0.11 | F1/class: Atelectasis:0.27, Cardiomegaly:0.33, Effusion:0.49, Infiltration:0.42, Mass:0.04, Nodule:0.00, Pneumonia:0.00, Pneumothorax:0.00, Consolidation:0.00, Edema:0.00, Emphysema:0.00, Fibrosis:0.00, Pleural_Thickening:0.00, Hernia:0.00 | Time: 7.54s
test | Loss: 0.3025 | AP: 0.2355 | AUROC: 0.7101 | F1: 0.10 | F1/class: Atelectasis:0.20, Cardiomegaly:0.28, Effusion:0.47, Infiltration:0.43, Mass:0.03, Nodule:0.00, Pneumonia:0.00, Pneumothorax:0.00, Consolidation:0.00, Edema:0.00, Emphysema:0.00, Fibrosis:0.00, Pleural_Thickening:0.00, Hernia:0.00 | Time: 15.31s

->> lr: 1.0000000000000004e-08

--------------------------------------------------
Epoch: 71 / 500
Train | Loss: 0.2523 | AP: 0.2620 | AUROC: 0.7550 | F1: 0.12 | F1/class: Atelectasis:0.29, Cardiomegaly:0.33, Effusion:0.52, Infiltration:0.46, Mass:0.03, Nodule:0.00, Pneumonia:0.00, Pneumothorax:0.00, Consolidation:0.00, Edema:0.00, Emphysema:0.00, Fibrosis:0.00, Pleural_Thickening:0.00, Hernia:0.00 | Time: 137.92s
Dev | Loss: 0.2610 | AP: 0.2389 | AUROC: 0.7196 | F1: 0.11 | F1/class: Atelectasis:0.29, Cardiomegaly:0.32, Effusion:0.49, Infiltration:0.43, Mass:0.04, Nodule:0.00, Pneumonia:0.00, Pneumothorax:0.00, Consolidation:0.00, Edema:0.00, Emphysema:0.00, Fibrosis:0.00, Pleural_Thickening:0.00, Hernia:0.00 | Time: 7.58s
test | Loss: 0.3027 | AP: 0.2356 | AUROC: 0.7104 | F1: 0.10 | F1/class: Atelectasis:0.21, Cardiomegaly:0.27, Effusion:0.47, Infiltration:0.44, Mass:0.03, Nodule:0.00, Pneumonia:0.00, Pneumothorax:0.00, Consolidation:0.00, Edema:0.00, Emphysema:0.00, Fibrosis:0.00, Pleural_Thickening:0.00, Hernia:0.00 | Time: 15.30s

->> lr: 1.0000000000000004e-08

--------------------------------------------------
Epoch: 72 / 500
Train | Loss: 0.2523 | AP: 0.2611 | AUROC: 0.7540 | F1: 0.12 | F1/class: Atelectasis:0.29, Cardiomegaly:0.33, Effusion:0.53, Infiltration:0.46, Mass:0.03, Nodule:0.00, Pneumonia:0.00, Pneumothorax:0.00, Consolidation:0.00, Edema:0.00, Emphysema:0.00, Fibrosis:0.00, Pleural_Thickening:0.00, Hernia:0.00 | Time: 139.41s
Dev | Loss: 0.2610 | AP: 0.2388 | AUROC: 0.7196 | F1: 0.11 | F1/class: Atelectasis:0.28, Cardiomegaly:0.34, Effusion:0.51, Infiltration:0.43, Mass:0.03, Nodule:0.00, Pneumonia:0.00, Pneumothorax:0.00, Consolidation:0.00, Edema:0.00, Emphysema:0.00, Fibrosis:0.00, Pleural_Thickening:0.00, Hernia:0.00 | Time: 7.53s
test | Loss: 0.3028 | AP: 0.2356 | AUROC: 0.7105 | F1: 0.10 | F1/class: Atelectasis:0.21, Cardiomegaly:0.29, Effusion:0.48, Infiltration:0.44, Mass:0.02, Nodule:0.00, Pneumonia:0.00, Pneumothorax:0.00, Consolidation:0.00, Edema:0.00, Emphysema:0.00, Fibrosis:0.00, Pleural_Thickening:0.00, Hernia:0.00 | Time: 15.27s
[1;92m
Saving checkpoint...
[0m

->> lr: 1.0000000000000004e-08

--------------------------------------------------
Epoch: 73 / 500
Train | Loss: 0.2522 | AP: 0.2624 | AUROC: 0.7556 | F1: 0.12 | F1/class: Atelectasis:0.29, Cardiomegaly:0.32, Effusion:0.52, Infiltration:0.46, Mass:0.03, Nodule:0.00, Pneumonia:0.00, Pneumothorax:0.00, Consolidation:0.00, Edema:0.00, Emphysema:0.00, Fibrosis:0.00, Pleural_Thickening:0.00, Hernia:0.00 | Time: 134.60s
Dev | Loss: 0.2611 | AP: 0.2390 | AUROC: 0.7188 | F1: 0.11 | F1/class: Atelectasis:0.30, Cardiomegaly:0.31, Effusion:0.49, Infiltration:0.42, Mass:0.05, Nodule:0.00, Pneumonia:0.00, Pneumothorax:0.00, Consolidation:0.00, Edema:0.00, Emphysema:0.00, Fibrosis:0.00, Pleural_Thickening:0.00, Hernia:0.00 | Time: 7.58s
test | Loss: 0.3029 | AP: 0.2353 | AUROC: 0.7098 | F1: 0.10 | F1/class: Atelectasis:0.22, Cardiomegaly:0.26, Effusion:0.47, Infiltration:0.41, Mass:0.03, Nodule:0.00, Pneumonia:0.00, Pneumothorax:0.00, Consolidation:0.00, Edema:0.00, Emphysema:0.00, Fibrosis:0.00, Pleural_Thickening:0.00, Hernia:0.00 | Time: 15.30s

->> lr: 1.0000000000000004e-08

--------------------------------------------------
Epoch: 74 / 500
Train | Loss: 0.2523 | AP: 0.2624 | AUROC: 0.7549 | F1: 0.12 | F1/class: Atelectasis:0.29, Cardiomegaly:0.32, Effusion:0.52, Infiltration:0.45, Mass:0.03, Nodule:0.00, Pneumonia:0.00, Pneumothorax:0.00, Consolidation:0.00, Edema:0.00, Emphysema:0.00, Fibrosis:0.00, Pleural_Thickening:0.00, Hernia:0.00 | Time: 138.24s
Dev | Loss: 0.2611 | AP: 0.2386 | AUROC: 0.7193 | F1: 0.11 | F1/class: Atelectasis:0.31, Cardiomegaly:0.34, Effusion:0.50, Infiltration:0.41, Mass:0.03, Nodule:0.00, Pneumonia:0.00, Pneumothorax:0.00, Consolidation:0.00, Edema:0.00, Emphysema:0.00, Fibrosis:0.00, Pleural_Thickening:0.00, Hernia:0.00 | Time: 7.50s
test | Loss: 0.3024 | AP: 0.2356 | AUROC: 0.7106 | F1: 0.10 | F1/class: Atelectasis:0.23, Cardiomegaly:0.29, Effusion:0.47, Infiltration:0.42, Mass:0.02, Nodule:0.00, Pneumonia:0.00, Pneumothorax:0.00, Consolidation:0.00, Edema:0.00, Emphysema:0.00, Fibrosis:0.00, Pleural_Thickening:0.00, Hernia:0.00 | Time: 15.27s

->> lr: 1.0000000000000004e-08

--------------------------------------------------
Epoch: 75 / 500
Train | Loss: 0.2524 | AP: 0.2621 | AUROC: 0.7545 | F1: 0.12 | F1/class: Atelectasis:0.28, Cardiomegaly:0.32, Effusion:0.52, Infiltration:0.46, Mass:0.04, Nodule:0.00, Pneumonia:0.00, Pneumothorax:0.00, Consolidation:0.00, Edema:0.00, Emphysema:0.00, Fibrosis:0.00, Pleural_Thickening:0.00, Hernia:0.00 | Time: 137.04s
Dev | Loss: 0.2610 | AP: 0.2392 | AUROC: 0.7192 | F1: 0.11 | F1/class: Atelectasis:0.27, Cardiomegaly:0.31, Effusion:0.49, Infiltration:0.44, Mass:0.03, Nodule:0.00, Pneumonia:0.00, Pneumothorax:0.00, Consolidation:0.00, Edema:0.00, Emphysema:0.00, Fibrosis:0.00, Pleural_Thickening:0.00, Hernia:0.00 | Time: 7.61s
test | Loss: 0.3028 | AP: 0.2350 | AUROC: 0.7093 | F1: 0.10 | F1/class: Atelectasis:0.20, Cardiomegaly:0.27, Effusion:0.47, Infiltration:0.43, Mass:0.02, Nodule:0.00, Pneumonia:0.00, Pneumothorax:0.00, Consolidation:0.00, Edema:0.00, Emphysema:0.00, Fibrosis:0.00, Pleural_Thickening:0.00, Hernia:0.00 | Time: 15.28s

->> lr: 1.0000000000000004e-08

--------------------------------------------------
Epoch: 76 / 500
Train | Loss: 0.2523 | AP: 0.2618 | AUROC: 0.7560 | F1: 0.12 | F1/class: Atelectasis:0.29, Cardiomegaly:0.32, Effusion:0.53, Infiltration:0.45, Mass:0.03, Nodule:0.00, Pneumonia:0.00, Pneumothorax:0.00, Consolidation:0.00, Edema:0.00, Emphysema:0.00, Fibrosis:0.00, Pleural_Thickening:0.00, Hernia:0.00 | Time: 142.89s
Dev | Loss: 0.2611 | AP: 0.2385 | AUROC: 0.7195 | F1: 0.11 | F1/class: Atelectasis:0.28, Cardiomegaly:0.33, Effusion:0.48, Infiltration:0.43, Mass:0.03, Nodule:0.00, Pneumonia:0.00, Pneumothorax:0.00, Consolidation:0.00, Edema:0.00, Emphysema:0.00, Fibrosis:0.00, Pleural_Thickening:0.00, Hernia:0.00 | Time: 7.62s
test | Loss: 0.3028 | AP: 0.2355 | AUROC: 0.7102 | F1: 0.10 | F1/class: Atelectasis:0.21, Cardiomegaly:0.28, Effusion:0.45, Infiltration:0.45, Mass:0.02, Nodule:0.00, Pneumonia:0.00, Pneumothorax:0.00, Consolidation:0.00, Edema:0.00, Emphysema:0.00, Fibrosis:0.00, Pleural_Thickening:0.00, Hernia:0.00 | Time: 15.29s

->> lr: 1.0000000000000004e-08

--------------------------------------------------
Epoch: 77 / 500
Train | Loss: 0.2523 | AP: 0.2626 | AUROC: 0.7549 | F1: 0.12 | F1/class: Atelectasis:0.29, Cardiomegaly:0.33, Effusion:0.52, Infiltration:0.46, Mass:0.03, Nodule:0.00, Pneumonia:0.00, Pneumothorax:0.00, Consolidation:0.00, Edema:0.00, Emphysema:0.00, Fibrosis:0.00, Pleural_Thickening:0.00, Hernia:0.00 | Time: 139.42s
Dev | Loss: 0.2610 | AP: 0.2389 | AUROC: 0.7195 | F1: 0.11 | F1/class: Atelectasis:0.28, Cardiomegaly:0.33, Effusion:0.48, Infiltration:0.42, Mass:0.03, Nodule:0.00, Pneumonia:0.00, Pneumothorax:0.00, Consolidation:0.00, Edema:0.00, Emphysema:0.00, Fibrosis:0.00, Pleural_Thickening:0.00, Hernia:0.00 | Time: 7.57s
test | Loss: 0.3024 | AP: 0.2354 | AUROC: 0.7103 | F1: 0.10 | F1/class: Atelectasis:0.21, Cardiomegaly:0.28, Effusion:0.46, Infiltration:0.43, Mass:0.02, Nodule:0.00, Pneumonia:0.00, Pneumothorax:0.00, Consolidation:0.00, Edema:0.00, Emphysema:0.00, Fibrosis:0.00, Pleural_Thickening:0.00, Hernia:0.00 | Time: 15.35s

->> lr: 1.0000000000000004e-08

--------------------------------------------------
Epoch: 78 / 500
Train | Loss: 0.2523 | AP: 0.2617 | AUROC: 0.7549 | F1: 0.12 | F1/class: Atelectasis:0.29, Cardiomegaly:0.31, Effusion:0.52, Infiltration:0.46, Mass:0.03, Nodule:0.00, Pneumonia:0.00, Pneumothorax:0.00, Consolidation:0.00, Edema:0.00, Emphysema:0.00, Fibrosis:0.00, Pleural_Thickening:0.00, Hernia:0.00 | Time: 145.54s
Dev | Loss: 0.2610 | AP: 0.2386 | AUROC: 0.7195 | F1: 0.11 | F1/class: Atelectasis:0.28, Cardiomegaly:0.32, Effusion:0.51, Infiltration:0.41, Mass:0.04, Nodule:0.00, Pneumonia:0.00, Pneumothorax:0.00, Consolidation:0.00, Edema:0.00, Emphysema:0.00, Fibrosis:0.00, Pleural_Thickening:0.00, Hernia:0.00 | Time: 7.60s
test | Loss: 0.3027 | AP: 0.2359 | AUROC: 0.7108 | F1: 0.10 | F1/class: Atelectasis:0.21, Cardiomegaly:0.27, Effusion:0.49, Infiltration:0.43, Mass:0.03, Nodule:0.00, Pneumonia:0.00, Pneumothorax:0.00, Consolidation:0.00, Edema:0.00, Emphysema:0.00, Fibrosis:0.00, Pleural_Thickening:0.00, Hernia:0.00 | Time: 15.32s

->> lr: 1.0000000000000004e-08

--------------------------------------------------
Epoch: 79 / 500
Train | Loss: 0.2522 | AP: 0.2622 | AUROC: 0.7558 | F1: 0.12 | F1/class: Atelectasis:0.29, Cardiomegaly:0.32, Effusion:0.52, Infiltration:0.46, Mass:0.04, Nodule:0.00, Pneumonia:0.00, Pneumothorax:0.00, Consolidation:0.00, Edema:0.00, Emphysema:0.00, Fibrosis:0.00, Pleural_Thickening:0.00, Hernia:0.00 | Time: 138.37s
Dev | Loss: 0.2611 | AP: 0.2392 | AUROC: 0.7188 | F1: 0.11 | F1/class: Atelectasis:0.30, Cardiomegaly:0.34, Effusion:0.49, Infiltration:0.42, Mass:0.03, Nodule:0.00, Pneumonia:0.00, Pneumothorax:0.00, Consolidation:0.00, Edema:0.00, Emphysema:0.00, Fibrosis:0.00, Pleural_Thickening:0.00, Hernia:0.00 | Time: 7.61s
test | Loss: 0.3025 | AP: 0.2348 | AUROC: 0.7096 | F1: 0.10 | F1/class: Atelectasis:0.22, Cardiomegaly:0.28, Effusion:0.47, Infiltration:0.41, Mass:0.02, Nodule:0.00, Pneumonia:0.00, Pneumothorax:0.00, Consolidation:0.00, Edema:0.00, Emphysema:0.00, Fibrosis:0.00, Pleural_Thickening:0.00, Hernia:0.00 | Time: 15.49s

->> lr: 1.0000000000000004e-08

--------------------------------------------------
Epoch: 80 / 500
Train | Loss: 0.2524 | AP: 0.2618 | AUROC: 0.7551 | F1: 0.12 | F1/class: Atelectasis:0.28, Cardiomegaly:0.32, Effusion:0.52, Infiltration:0.46, Mass:0.03, Nodule:0.00, Pneumonia:0.00, Pneumothorax:0.00, Consolidation:0.00, Edema:0.00, Emphysema:0.00, Fibrosis:0.00, Pleural_Thickening:0.00, Hernia:0.00 | Time: 136.37s
Dev | Loss: 0.2610 | AP: 0.2389 | AUROC: 0.7196 | F1: 0.11 | F1/class: Atelectasis:0.27, Cardiomegaly:0.33, Effusion:0.50, Infiltration:0.42, Mass:0.04, Nodule:0.00, Pneumonia:0.00, Pneumothorax:0.00, Consolidation:0.00, Edema:0.00, Emphysema:0.00, Fibrosis:0.00, Pleural_Thickening:0.00, Hernia:0.00 | Time: 7.51s
test | Loss: 0.3027 | AP: 0.2355 | AUROC: 0.7102 | F1: 0.10 | F1/class: Atelectasis:0.20, Cardiomegaly:0.28, Effusion:0.48, Infiltration:0.43, Mass:0.03, Nodule:0.00, Pneumonia:0.00, Pneumothorax:0.00, Consolidation:0.00, Edema:0.00, Emphysema:0.00, Fibrosis:0.00, Pleural_Thickening:0.00, Hernia:0.00 | Time: 15.27s

->> lr: 1.0000000000000004e-08

--------------------------------------------------
Epoch: 81 / 500
Train | Loss: 0.2522 | AP: 0.2620 | AUROC: 0.7550 | F1: 0.11 | F1/class: Atelectasis:0.28, Cardiomegaly:0.31, Effusion:0.52, Infiltration:0.46, Mass:0.03, Nodule:0.00, Pneumonia:0.00, Pneumothorax:0.00, Consolidation:0.00, Edema:0.00, Emphysema:0.00, Fibrosis:0.00, Pleural_Thickening:0.00, Hernia:0.00 | Time: 136.33s
Dev | Loss: 0.2610 | AP: 0.2389 | AUROC: 0.7195 | F1: 0.11 | F1/class: Atelectasis:0.28, Cardiomegaly:0.31, Effusion:0.47, Infiltration:0.42, Mass:0.04, Nodule:0.00, Pneumonia:0.00, Pneumothorax:0.00, Consolidation:0.00, Edema:0.00, Emphysema:0.00, Fibrosis:0.00, Pleural_Thickening:0.00, Hernia:0.00 | Time: 7.54s
test | Loss: 0.3025 | AP: 0.2358 | AUROC: 0.7102 | F1: 0.10 | F1/class: Atelectasis:0.21, Cardiomegaly:0.27, Effusion:0.45, Infiltration:0.44, Mass:0.03, Nodule:0.00, Pneumonia:0.00, Pneumothorax:0.00, Consolidation:0.00, Edema:0.00, Emphysema:0.00, Fibrosis:0.00, Pleural_Thickening:0.00, Hernia:0.00 | Time: 15.30s

->> lr: 1.0000000000000004e-08

--------------------------------------------------
Epoch: 82 / 500
Train | Loss: 0.2522 | AP: 0.2624 | AUROC: 0.7562 | F1: 0.12 | F1/class: Atelectasis:0.29, Cardiomegaly:0.31, Effusion:0.52, Infiltration:0.46, Mass:0.03, Nodule:0.00, Pneumonia:0.00, Pneumothorax:0.00, Consolidation:0.00, Edema:0.00, Emphysema:0.00, Fibrosis:0.00, Pleural_Thickening:0.00, Hernia:0.00 | Time: 134.45s
Dev | Loss: 0.2610 | AP: 0.2389 | AUROC: 0.7191 | F1: 0.11 | F1/class: Atelectasis:0.31, Cardiomegaly:0.31, Effusion:0.49, Infiltration:0.41, Mass:0.04, Nodule:0.00, Pneumonia:0.00, Pneumothorax:0.00, Consolidation:0.00, Edema:0.00, Emphysema:0.00, Fibrosis:0.00, Pleural_Thickening:0.00, Hernia:0.00 | Time: 7.49s
test | Loss: 0.3026 | AP: 0.2356 | AUROC: 0.7104 | F1: 0.10 | F1/class: Atelectasis:0.23, Cardiomegaly:0.26, Effusion:0.47, Infiltration:0.42, Mass:0.03, Nodule:0.00, Pneumonia:0.00, Pneumothorax:0.00, Consolidation:0.00, Edema:0.00, Emphysema:0.00, Fibrosis:0.00, Pleural_Thickening:0.00, Hernia:0.00 | Time: 15.29s

->> lr: 1.0000000000000004e-08

--------------------------------------------------
Epoch: 83 / 500
Train | Loss: 0.2520 | AP: 0.2630 | AUROC: 0.7570 | F1: 0.12 | F1/class: Atelectasis:0.29, Cardiomegaly:0.32, Effusion:0.52, Infiltration:0.46, Mass:0.03, Nodule:0.00, Pneumonia:0.00, Pneumothorax:0.00, Consolidation:0.00, Edema:0.00, Emphysema:0.00, Fibrosis:0.00, Pleural_Thickening:0.00, Hernia:0.00 | Time: 132.69s
Dev | Loss: 0.2610 | AP: 0.2387 | AUROC: 0.7194 | F1: 0.11 | F1/class: Atelectasis:0.29, Cardiomegaly:0.33, Effusion:0.50, Infiltration:0.41, Mass:0.04, Nodule:0.00, Pneumonia:0.00, Pneumothorax:0.00, Consolidation:0.00, Edema:0.00, Emphysema:0.00, Fibrosis:0.00, Pleural_Thickening:0.00, Hernia:0.00 | Time: 7.57s
test | Loss: 0.3023 | AP: 0.2358 | AUROC: 0.7107 | F1: 0.10 | F1/class: Atelectasis:0.22, Cardiomegaly:0.28, Effusion:0.48, Infiltration:0.43, Mass:0.03, Nodule:0.00, Pneumonia:0.00, Pneumothorax:0.00, Consolidation:0.00, Edema:0.00, Emphysema:0.00, Fibrosis:0.00, Pleural_Thickening:0.00, Hernia:0.00 | Time: 15.34s

->> lr: 1.0000000000000004e-08

--------------------------------------------------
Epoch: 84 / 500
Train | Loss: 0.2524 | AP: 0.2612 | AUROC: 0.7547 | F1: 0.12 | F1/class: Atelectasis:0.29, Cardiomegaly:0.31, Effusion:0.52, Infiltration:0.46, Mass:0.03, Nodule:0.00, Pneumonia:0.00, Pneumothorax:0.00, Consolidation:0.00, Edema:0.00, Emphysema:0.00, Fibrosis:0.00, Pleural_Thickening:0.00, Hernia:0.00 | Time: 143.82s
Dev | Loss: 0.2609 | AP: 0.2388 | AUROC: 0.7195 | F1: 0.11 | F1/class: Atelectasis:0.28, Cardiomegaly:0.31, Effusion:0.50, Infiltration:0.41, Mass:0.04, Nodule:0.00, Pneumonia:0.00, Pneumothorax:0.00, Consolidation:0.00, Edema:0.01, Emphysema:0.00, Fibrosis:0.00, Pleural_Thickening:0.00, Hernia:0.00 | Time: 7.53s
test | Loss: 0.3026 | AP: 0.2358 | AUROC: 0.7105 | F1: 0.10 | F1/class: Atelectasis:0.21, Cardiomegaly:0.25, Effusion:0.48, Infiltration:0.43, Mass:0.03, Nodule:0.00, Pneumonia:0.00, Pneumothorax:0.00, Consolidation:0.00, Edema:0.00, Emphysema:0.00, Fibrosis:0.00, Pleural_Thickening:0.00, Hernia:0.00 | Time: 15.25s

->> lr: 1.0000000000000004e-08

--------------------------------------------------
Epoch: 85 / 500
Train | Loss: 0.2523 | AP: 0.2624 | AUROC: 0.7551 | F1: 0.12 | F1/class: Atelectasis:0.29, Cardiomegaly:0.32, Effusion:0.52, Infiltration:0.45, Mass:0.03, Nodule:0.00, Pneumonia:0.00, Pneumothorax:0.00, Consolidation:0.00, Edema:0.00, Emphysema:0.00, Fibrosis:0.00, Pleural_Thickening:0.00, Hernia:0.00 | Time: 139.79s
Dev | Loss: 0.2609 | AP: 0.2389 | AUROC: 0.7198 | F1: 0.11 | F1/class: Atelectasis:0.26, Cardiomegaly:0.32, Effusion:0.50, Infiltration:0.42, Mass:0.04, Nodule:0.00, Pneumonia:0.00, Pneumothorax:0.00, Consolidation:0.00, Edema:0.01, Emphysema:0.00, Fibrosis:0.00, Pleural_Thickening:0.00, Hernia:0.00 | Time: 7.57s
test | Loss: 0.3026 | AP: 0.2354 | AUROC: 0.7101 | F1: 0.10 | F1/class: Atelectasis:0.19, Cardiomegaly:0.27, Effusion:0.48, Infiltration:0.44, Mass:0.03, Nodule:0.00, Pneumonia:0.00, Pneumothorax:0.00, Consolidation:0.00, Edema:0.00, Emphysema:0.00, Fibrosis:0.00, Pleural_Thickening:0.00, Hernia:0.00 | Time: 15.28s

->> lr: 1.0000000000000004e-08

--------------------------------------------------
Epoch: 86 / 500
Train | Loss: 0.2523 | AP: 0.2622 | AUROC: 0.7544 | F1: 0.12 | F1/class: Atelectasis:0.28, Cardiomegaly:0.31, Effusion:0.52, Infiltration:0.46, Mass:0.04, Nodule:0.00, Pneumonia:0.00, Pneumothorax:0.00, Consolidation:0.00, Edema:0.00, Emphysema:0.00, Fibrosis:0.00, Pleural_Thickening:0.00, Hernia:0.00 | Time: 139.21s
Dev | Loss: 0.2609 | AP: 0.2389 | AUROC: 0.7194 | F1: 0.11 | F1/class: Atelectasis:0.29, Cardiomegaly:0.31, Effusion:0.49, Infiltration:0.42, Mass:0.03, Nodule:0.00, Pneumonia:0.00, Pneumothorax:0.00, Consolidation:0.00, Edema:0.00, Emphysema:0.00, Fibrosis:0.00, Pleural_Thickening:0.00, Hernia:0.00 | Time: 7.62s
test | Loss: 0.3026 | AP: 0.2355 | AUROC: 0.7103 | F1: 0.10 | F1/class: Atelectasis:0.21, Cardiomegaly:0.26, Effusion:0.47, Infiltration:0.43, Mass:0.02, Nodule:0.00, Pneumonia:0.00, Pneumothorax:0.00, Consolidation:0.00, Edema:0.00, Emphysema:0.00, Fibrosis:0.00, Pleural_Thickening:0.00, Hernia:0.00 | Time: 15.24s

->> lr: 1.0000000000000004e-08

--------------------------------------------------
Epoch: 87 / 500
Train | Loss: 0.2524 | AP: 0.2614 | AUROC: 0.7545 | F1: 0.12 | F1/class: Atelectasis:0.28, Cardiomegaly:0.32, Effusion:0.52, Infiltration:0.46, Mass:0.03, Nodule:0.00, Pneumonia:0.00, Pneumothorax:0.00, Consolidation:0.00, Edema:0.00, Emphysema:0.00, Fibrosis:0.00, Pleural_Thickening:0.00, Hernia:0.00 | Time: 133.65s
Dev | Loss: 0.2610 | AP: 0.2387 | AUROC: 0.7196 | F1: 0.11 | F1/class: Atelectasis:0.27, Cardiomegaly:0.32, Effusion:0.48, Infiltration:0.42, Mass:0.04, Nodule:0.00, Pneumonia:0.00, Pneumothorax:0.00, Consolidation:0.00, Edema:0.00, Emphysema:0.00, Fibrosis:0.00, Pleural_Thickening:0.00, Hernia:0.00 | Time: 7.62s
test | Loss: 0.3022 | AP: 0.2357 | AUROC: 0.7103 | F1: 0.10 | F1/class: Atelectasis:0.21, Cardiomegaly:0.26, Effusion:0.46, Infiltration:0.44, Mass:0.03, Nodule:0.00, Pneumonia:0.00, Pneumothorax:0.00, Consolidation:0.00, Edema:0.00, Emphysema:0.00, Fibrosis:0.00, Pleural_Thickening:0.00, Hernia:0.00 | Time: 15.28s

->> lr: 1.0000000000000004e-08

--------------------------------------------------
Epoch: 88 / 500
Train | Loss: 0.2524 | AP: 0.2624 | AUROC: 0.7546 | F1: 0.12 | F1/class: Atelectasis:0.28, Cardiomegaly:0.32, Effusion:0.53, Infiltration:0.46, Mass:0.03, Nodule:0.00, Pneumonia:0.00, Pneumothorax:0.00, Consolidation:0.00, Edema:0.00, Emphysema:0.00, Fibrosis:0.00, Pleural_Thickening:0.00, Hernia:0.00 | Time: 139.66s
Dev | Loss: 0.2610 | AP: 0.2388 | AUROC: 0.7191 | F1: 0.11 | F1/class: Atelectasis:0.31, Cardiomegaly:0.33, Effusion:0.49, Infiltration:0.42, Mass:0.03, Nodule:0.00, Pneumonia:0.00, Pneumothorax:0.00, Consolidation:0.00, Edema:0.00, Emphysema:0.00, Fibrosis:0.00, Pleural_Thickening:0.00, Hernia:0.00 | Time: 7.62s
test | Loss: 0.3029 | AP: 0.2352 | AUROC: 0.7100 | F1: 0.10 | F1/class: Atelectasis:0.23, Cardiomegaly:0.27, Effusion:0.47, Infiltration:0.43, Mass:0.02, Nodule:0.00, Pneumonia:0.00, Pneumothorax:0.00, Consolidation:0.00, Edema:0.00, Emphysema:0.00, Fibrosis:0.00, Pleural_Thickening:0.00, Hernia:0.00 | Time: 15.30s

->> lr: 1.0000000000000004e-08

--------------------------------------------------
Epoch: 89 / 500
Train | Loss: 0.2521 | AP: 0.2635 | AUROC: 0.7556 | F1: 0.12 | F1/class: Atelectasis:0.29, Cardiomegaly:0.32, Effusion:0.52, Infiltration:0.46, Mass:0.04, Nodule:0.00, Pneumonia:0.00, Pneumothorax:0.00, Consolidation:0.00, Edema:0.00, Emphysema:0.00, Fibrosis:0.00, Pleural_Thickening:0.00, Hernia:0.00 | Time: 142.36s
Dev | Loss: 0.2611 | AP: 0.2384 | AUROC: 0.7196 | F1: 0.11 | F1/class: Atelectasis:0.30, Cardiomegaly:0.31, Effusion:0.51, Infiltration:0.43, Mass:0.03, Nodule:0.00, Pneumonia:0.00, Pneumothorax:0.00, Consolidation:0.00, Edema:0.01, Emphysema:0.00, Fibrosis:0.00, Pleural_Thickening:0.00, Hernia:0.00 | Time: 7.58s
test | Loss: 0.3030 | AP: 0.2358 | AUROC: 0.7107 | F1: 0.10 | F1/class: Atelectasis:0.22, Cardiomegaly:0.26, Effusion:0.48, Infiltration:0.45, Mass:0.01, Nodule:0.00, Pneumonia:0.00, Pneumothorax:0.00, Consolidation:0.00, Edema:0.00, Emphysema:0.00, Fibrosis:0.00, Pleural_Thickening:0.00, Hernia:0.00 | Time: 15.29s

->> lr: 1.0000000000000004e-08

--------------------------------------------------
Epoch: 90 / 500
Train | Loss: 0.2522 | AP: 0.2628 | AUROC: 0.7554 | F1: 0.12 | F1/class: Atelectasis:0.29, Cardiomegaly:0.34, Effusion:0.52, Infiltration:0.46, Mass:0.03, Nodule:0.00, Pneumonia:0.00, Pneumothorax:0.00, Consolidation:0.00, Edema:0.00, Emphysema:0.00, Fibrosis:0.00, Pleural_Thickening:0.00, Hernia:0.00 | Time: 138.39s
Dev | Loss: 0.2610 | AP: 0.2385 | AUROC: 0.7197 | F1: 0.11 | F1/class: Atelectasis:0.28, Cardiomegaly:0.34, Effusion:0.49, Infiltration:0.40, Mass:0.03, Nodule:0.00, Pneumonia:0.00, Pneumothorax:0.00, Consolidation:0.00, Edema:0.00, Emphysema:0.00, Fibrosis:0.00, Pleural_Thickening:0.00, Hernia:0.00 | Time: 7.49s
test | Loss: 0.3024 | AP: 0.2360 | AUROC: 0.7110 | F1: 0.10 | F1/class: Atelectasis:0.21, Cardiomegaly:0.29, Effusion:0.47, Infiltration:0.43, Mass:0.02, Nodule:0.00, Pneumonia:0.00, Pneumothorax:0.00, Consolidation:0.00, Edema:0.00, Emphysema:0.00, Fibrosis:0.00, Pleural_Thickening:0.00, Hernia:0.00 | Time: 15.29s

->> lr: 1.0000000000000004e-08

--------------------------------------------------
Epoch: 91 / 500
Train | Loss: 0.2523 | AP: 0.2621 | AUROC: 0.7556 | F1: 0.12 | F1/class: Atelectasis:0.29, Cardiomegaly:0.33, Effusion:0.52, Infiltration:0.45, Mass:0.03, Nodule:0.00, Pneumonia:0.00, Pneumothorax:0.00, Consolidation:0.00, Edema:0.00, Emphysema:0.00, Fibrosis:0.00, Pleural_Thickening:0.00, Hernia:0.00 | Time: 138.20s
Dev | Loss: 0.2609 | AP: 0.2388 | AUROC: 0.7194 | F1: 0.11 | F1/class: Atelectasis:0.29, Cardiomegaly:0.32, Effusion:0.49, Infiltration:0.42, Mass:0.04, Nodule:0.00, Pneumonia:0.00, Pneumothorax:0.00, Consolidation:0.00, Edema:0.00, Emphysema:0.00, Fibrosis:0.00, Pleural_Thickening:0.00, Hernia:0.00 | Time: 7.53s
test | Loss: 0.3025 | AP: 0.2357 | AUROC: 0.7104 | F1: 0.10 | F1/class: Atelectasis:0.21, Cardiomegaly:0.26, Effusion:0.47, Infiltration:0.43, Mass:0.03, Nodule:0.00, Pneumonia:0.00, Pneumothorax:0.00, Consolidation:0.00, Edema:0.00, Emphysema:0.00, Fibrosis:0.00, Pleural_Thickening:0.00, Hernia:0.00 | Time: 15.30s

->> lr: 1.0000000000000004e-08

--------------------------------------------------
Epoch: 92 / 500
Train | Loss: 0.2523 | AP: 0.2622 | AUROC: 0.7552 | F1: 0.12 | F1/class: Atelectasis:0.29, Cardiomegaly:0.32, Effusion:0.52, Infiltration:0.46, Mass:0.03, Nodule:0.00, Pneumonia:0.00, Pneumothorax:0.00, Consolidation:0.00, Edema:0.01, Emphysema:0.00, Fibrosis:0.00, Pleural_Thickening:0.00, Hernia:0.00 | Time: 144.07s
Dev | Loss: 0.2610 | AP: 0.2387 | AUROC: 0.7193 | F1: 0.11 | F1/class: Atelectasis:0.29, Cardiomegaly:0.33, Effusion:0.50, Infiltration:0.40, Mass:0.04, Nodule:0.00, Pneumonia:0.00, Pneumothorax:0.00, Consolidation:0.00, Edema:0.00, Emphysema:0.00, Fibrosis:0.00, Pleural_Thickening:0.00, Hernia:0.00 | Time: 7.60s
test | Loss: 0.3022 | AP: 0.2358 | AUROC: 0.7107 | F1: 0.10 | F1/class: Atelectasis:0.22, Cardiomegaly:0.28, Effusion:0.48, Infiltration:0.42, Mass:0.02, Nodule:0.00, Pneumonia:0.00, Pneumothorax:0.00, Consolidation:0.00, Edema:0.00, Emphysema:0.00, Fibrosis:0.00, Pleural_Thickening:0.00, Hernia:0.00 | Time: 15.31s

->> lr: 1.0000000000000004e-08

--------------------------------------------------
Epoch: 93 / 500
Train | Loss: 0.2523 | AP: 0.2619 | AUROC: 0.7551 | F1: 0.12 | F1/class: Atelectasis:0.29, Cardiomegaly:0.33, Effusion:0.52, Infiltration:0.46, Mass:0.03, Nodule:0.00, Pneumonia:0.00, Pneumothorax:0.00, Consolidation:0.00, Edema:0.00, Emphysema:0.00, Fibrosis:0.00, Pleural_Thickening:0.00, Hernia:0.00 | Time: 136.46s
Dev | Loss: 0.2610 | AP: 0.2387 | AUROC: 0.7197 | F1: 0.11 | F1/class: Atelectasis:0.27, Cardiomegaly:0.31, Effusion:0.49, Infiltration:0.43, Mass:0.04, Nodule:0.00, Pneumonia:0.00, Pneumothorax:0.00, Consolidation:0.00, Edema:0.01, Emphysema:0.00, Fibrosis:0.00, Pleural_Thickening:0.00, Hernia:0.00 | Time: 7.59s
test | Loss: 0.3031 | AP: 0.2356 | AUROC: 0.7099 | F1: 0.10 | F1/class: Atelectasis:0.20, Cardiomegaly:0.26, Effusion:0.47, Infiltration:0.45, Mass:0.03, Nodule:0.00, Pneumonia:0.00, Pneumothorax:0.00, Consolidation:0.00, Edema:0.01, Emphysema:0.00, Fibrosis:0.00, Pleural_Thickening:0.00, Hernia:0.00 | Time: 15.34s

->> lr: 1.0000000000000004e-08

--------------------------------------------------
Epoch: 94 / 500
Train | Loss: 0.2523 | AP: 0.2625 | AUROC: 0.7555 | F1: 0.12 | F1/class: Atelectasis:0.29, Cardiomegaly:0.33, Effusion:0.52, Infiltration:0.46, Mass:0.03, Nodule:0.00, Pneumonia:0.00, Pneumothorax:0.00, Consolidation:0.00, Edema:0.00, Emphysema:0.00, Fibrosis:0.00, Pleural_Thickening:0.00, Hernia:0.00 | Time: 134.19s
Dev | Loss: 0.2610 | AP: 0.2387 | AUROC: 0.7194 | F1: 0.11 | F1/class: Atelectasis:0.29, Cardiomegaly:0.32, Effusion:0.51, Infiltration:0.42, Mass:0.04, Nodule:0.00, Pneumonia:0.00, Pneumothorax:0.00, Consolidation:0.00, Edema:0.00, Emphysema:0.00, Fibrosis:0.00, Pleural_Thickening:0.00, Hernia:0.00 | Time: 7.55s
test | Loss: 0.3027 | AP: 0.2358 | AUROC: 0.7107 | F1: 0.10 | F1/class: Atelectasis:0.21, Cardiomegaly:0.26, Effusion:0.48, Infiltration:0.43, Mass:0.03, Nodule:0.00, Pneumonia:0.00, Pneumothorax:0.00, Consolidation:0.00, Edema:0.00, Emphysema:0.00, Fibrosis:0.00, Pleural_Thickening:0.00, Hernia:0.00 | Time: 15.31s

->> lr: 1.0000000000000004e-08

--------------------------------------------------
Epoch: 95 / 500
Train | Loss: 0.2524 | AP: 0.2622 | AUROC: 0.7557 | F1: 0.12 | F1/class: Atelectasis:0.29, Cardiomegaly:0.32, Effusion:0.53, Infiltration:0.45, Mass:0.04, Nodule:0.00, Pneumonia:0.00, Pneumothorax:0.00, Consolidation:0.00, Edema:0.00, Emphysema:0.00, Fibrosis:0.00, Pleural_Thickening:0.00, Hernia:0.00 | Time: 137.94s
Dev | Loss: 0.2610 | AP: 0.2387 | AUROC: 0.7194 | F1: 0.11 | F1/class: Atelectasis:0.29, Cardiomegaly:0.33, Effusion:0.50, Infiltration:0.41, Mass:0.03, Nodule:0.00, Pneumonia:0.00, Pneumothorax:0.00, Consolidation:0.00, Edema:0.00, Emphysema:0.00, Fibrosis:0.00, Pleural_Thickening:0.00, Hernia:0.00 | Time: 7.60s
test | Loss: 0.3026 | AP: 0.2357 | AUROC: 0.7107 | F1: 0.10 | F1/class: Atelectasis:0.21, Cardiomegaly:0.28, Effusion:0.48, Infiltration:0.43, Mass:0.02, Nodule:0.00, Pneumonia:0.00, Pneumothorax:0.00, Consolidation:0.00, Edema:0.00, Emphysema:0.00, Fibrosis:0.00, Pleural_Thickening:0.00, Hernia:0.00 | Time: 15.33s

->> lr: 1.0000000000000004e-08

--------------------------------------------------
Epoch: 96 / 500
Train | Loss: 0.2522 | AP: 0.2628 | AUROC: 0.7560 | F1: 0.12 | F1/class: Atelectasis:0.29, Cardiomegaly:0.33, Effusion:0.53, Infiltration:0.45, Mass:0.04, Nodule:0.00, Pneumonia:0.00, Pneumothorax:0.00, Consolidation:0.00, Edema:0.00, Emphysema:0.00, Fibrosis:0.00, Pleural_Thickening:0.00, Hernia:0.00 | Time: 132.38s
Dev | Loss: 0.2610 | AP: 0.2384 | AUROC: 0.7197 | F1: 0.11 | F1/class: Atelectasis:0.27, Cardiomegaly:0.33, Effusion:0.49, Infiltration:0.44, Mass:0.03, Nodule:0.00, Pneumonia:0.00, Pneumothorax:0.00, Consolidation:0.00, Edema:0.01, Emphysema:0.00, Fibrosis:0.00, Pleural_Thickening:0.00, Hernia:0.00 | Time: 7.56s
test | Loss: 0.3027 | AP: 0.2356 | AUROC: 0.7103 | F1: 0.10 | F1/class: Atelectasis:0.21, Cardiomegaly:0.28, Effusion:0.47, Infiltration:0.46, Mass:0.02, Nodule:0.00, Pneumonia:0.00, Pneumothorax:0.00, Consolidation:0.00, Edema:0.00, Emphysema:0.00, Fibrosis:0.00, Pleural_Thickening:0.00, Hernia:0.00 | Time: 15.31s

->> lr: 1.0000000000000004e-08

--------------------------------------------------
Epoch: 97 / 500
Train | Loss: 0.2523 | AP: 0.2620 | AUROC: 0.7557 | F1: 0.12 | F1/class: Atelectasis:0.29, Cardiomegaly:0.33, Effusion:0.52, Infiltration:0.46, Mass:0.03, Nodule:0.00, Pneumonia:0.00, Pneumothorax:0.00, Consolidation:0.00, Edema:0.00, Emphysema:0.00, Fibrosis:0.00, Pleural_Thickening:0.00, Hernia:0.00 | Time: 141.53s
Dev | Loss: 0.2610 | AP: 0.2387 | AUROC: 0.7194 | F1: 0.11 | F1/class: Atelectasis:0.30, Cardiomegaly:0.33, Effusion:0.49, Infiltration:0.41, Mass:0.03, Nodule:0.00, Pneumonia:0.00, Pneumothorax:0.00, Consolidation:0.00, Edema:0.00, Emphysema:0.00, Fibrosis:0.00, Pleural_Thickening:0.00, Hernia:0.00 | Time: 7.65s
test | Loss: 0.3022 | AP: 0.2358 | AUROC: 0.7106 | F1: 0.10 | F1/class: Atelectasis:0.22, Cardiomegaly:0.27, Effusion:0.47, Infiltration:0.43, Mass:0.02, Nodule:0.00, Pneumonia:0.00, Pneumothorax:0.00, Consolidation:0.00, Edema:0.00, Emphysema:0.00, Fibrosis:0.00, Pleural_Thickening:0.00, Hernia:0.00 | Time: 15.30s

->> lr: 1.0000000000000004e-08

--------------------------------------------------
Epoch: 98 / 500
Train | Loss: 0.2524 | AP: 0.2626 | AUROC: 0.7536 | F1: 0.12 | F1/class: Atelectasis:0.29, Cardiomegaly:0.32, Effusion:0.52, Infiltration:0.45, Mass:0.04, Nodule:0.00, Pneumonia:0.00, Pneumothorax:0.00, Consolidation:0.00, Edema:0.00, Emphysema:0.00, Fibrosis:0.00, Pleural_Thickening:0.00, Hernia:0.00 | Time: 139.43s
Dev | Loss: 0.2610 | AP: 0.2390 | AUROC: 0.7192 | F1: 0.11 | F1/class: Atelectasis:0.29, Cardiomegaly:0.33, Effusion:0.50, Infiltration:0.43, Mass:0.03, Nodule:0.00, Pneumonia:0.00, Pneumothorax:0.00, Consolidation:0.00, Edema:0.00, Emphysema:0.00, Fibrosis:0.00, Pleural_Thickening:0.00, Hernia:0.00 | Time: 7.54s
test | Loss: 0.3032 | AP: 0.2350 | AUROC: 0.7096 | F1: 0.10 | F1/class: Atelectasis:0.21, Cardiomegaly:0.27, Effusion:0.48, Infiltration:0.43, Mass:0.02, Nodule:0.00, Pneumonia:0.00, Pneumothorax:0.00, Consolidation:0.00, Edema:0.00, Emphysema:0.00, Fibrosis:0.00, Pleural_Thickening:0.00, Hernia:0.00 | Time: 15.35s

->> lr: 1.0000000000000004e-08

--------------------------------------------------
Epoch: 99 / 500
Train | Loss: 0.2523 | AP: 0.2621 | AUROC: 0.7552 | F1: 0.12 | F1/class: Atelectasis:0.28, Cardiomegaly:0.32, Effusion:0.52, Infiltration:0.46, Mass:0.04, Nodule:0.00, Pneumonia:0.00, Pneumothorax:0.00, Consolidation:0.00, Edema:0.00, Emphysema:0.00, Fibrosis:0.00, Pleural_Thickening:0.00, Hernia:0.00 | Time: 136.24s
Dev | Loss: 0.2610 | AP: 0.2390 | AUROC: 0.7194 | F1: 0.11 | F1/class: Atelectasis:0.27, Cardiomegaly:0.32, Effusion:0.49, Infiltration:0.44, Mass:0.03, Nodule:0.00, Pneumonia:0.00, Pneumothorax:0.00, Consolidation:0.00, Edema:0.00, Emphysema:0.00, Fibrosis:0.00, Pleural_Thickening:0.00, Hernia:0.00 | Time: 7.61s
test | Loss: 0.3030 | AP: 0.2353 | AUROC: 0.7096 | F1: 0.10 | F1/class: Atelectasis:0.21, Cardiomegaly:0.28, Effusion:0.47, Infiltration:0.44, Mass:0.02, Nodule:0.00, Pneumonia:0.00, Pneumothorax:0.00, Consolidation:0.00, Edema:0.00, Emphysema:0.00, Fibrosis:0.00, Pleural_Thickening:0.00, Hernia:0.00 | Time: 15.36s

->> lr: 1.0000000000000004e-08

--------------------------------------------------
Epoch: 100 / 500
Train | Loss: 0.2522 | AP: 0.2619 | AUROC: 0.7556 | F1: 0.12 | F1/class: Atelectasis:0.29, Cardiomegaly:0.32, Effusion:0.52, Infiltration:0.46, Mass:0.04, Nodule:0.00, Pneumonia:0.00, Pneumothorax:0.00, Consolidation:0.00, Edema:0.00, Emphysema:0.00, Fibrosis:0.00, Pleural_Thickening:0.00, Hernia:0.00 | Time: 140.57s
Dev | Loss: 0.2612 | AP: 0.2390 | AUROC: 0.7193 | F1: 0.11 | F1/class: Atelectasis:0.26, Cardiomegaly:0.31, Effusion:0.46, Infiltration:0.44, Mass:0.03, Nodule:0.00, Pneumonia:0.00, Pneumothorax:0.00, Consolidation:0.00, Edema:0.01, Emphysema:0.00, Fibrosis:0.00, Pleural_Thickening:0.00, Hernia:0.00 | Time: 7.52s
test | Loss: 0.3033 | AP: 0.2349 | AUROC: 0.7090 | F1: 0.10 | F1/class: Atelectasis:0.20, Cardiomegaly:0.27, Effusion:0.44, Infiltration:0.45, Mass:0.02, Nodule:0.00, Pneumonia:0.00, Pneumothorax:0.00, Consolidation:0.00, Edema:0.00, Emphysema:0.00, Fibrosis:0.00, Pleural_Thickening:0.00, Hernia:0.00 | Time: 15.35s

->> lr: 1.0000000000000004e-08

--------------------------------------------------
Epoch: 101 / 500
Train | Loss: 0.2522 | AP: 0.2626 | AUROC: 0.7559 | F1: 0.12 | F1/class: Atelectasis:0.29, Cardiomegaly:0.33, Effusion:0.52, Infiltration:0.45, Mass:0.04, Nodule:0.00, Pneumonia:0.00, Pneumothorax:0.00, Consolidation:0.00, Edema:0.00, Emphysema:0.00, Fibrosis:0.00, Pleural_Thickening:0.00, Hernia:0.00 | Time: 137.58s
Dev | Loss: 0.2609 | AP: 0.2389 | AUROC: 0.7194 | F1: 0.11 | F1/class: Atelectasis:0.28, Cardiomegaly:0.33, Effusion:0.50, Infiltration:0.42, Mass:0.03, Nodule:0.00, Pneumonia:0.00, Pneumothorax:0.00, Consolidation:0.00, Edema:0.00, Emphysema:0.00, Fibrosis:0.00, Pleural_Thickening:0.00, Hernia:0.00 | Time: 7.60s
test | Loss: 0.3023 | AP: 0.2358 | AUROC: 0.7104 | F1: 0.10 | F1/class: Atelectasis:0.21, Cardiomegaly:0.27, Effusion:0.48, Infiltration:0.43, Mass:0.02, Nodule:0.00, Pneumonia:0.00, Pneumothorax:0.00, Consolidation:0.00, Edema:0.00, Emphysema:0.00, Fibrosis:0.00, Pleural_Thickening:0.00, Hernia:0.00 | Time: 15.34s

->> lr: 1.0000000000000004e-08

--------------------------------------------------
Epoch: 102 / 500
Train | Loss: 0.2523 | AP: 0.2624 | AUROC: 0.7562 | F1: 0.12 | F1/class: Atelectasis:0.29, Cardiomegaly:0.33, Effusion:0.52, Infiltration:0.46, Mass:0.04, Nodule:0.00, Pneumonia:0.00, Pneumothorax:0.00, Consolidation:0.00, Edema:0.00, Emphysema:0.00, Fibrosis:0.00, Pleural_Thickening:0.00, Hernia:0.00 | Time: 134.90s
Dev | Loss: 0.2610 | AP: 0.2386 | AUROC: 0.7195 | F1: 0.11 | F1/class: Atelectasis:0.30, Cardiomegaly:0.33, Effusion:0.49, Infiltration:0.42, Mass:0.03, Nodule:0.00, Pneumonia:0.00, Pneumothorax:0.00, Consolidation:0.00, Edema:0.00, Emphysema:0.00, Fibrosis:0.00, Pleural_Thickening:0.00, Hernia:0.00 | Time: 7.51s
test | Loss: 0.3024 | AP: 0.2356 | AUROC: 0.7105 | F1: 0.10 | F1/class: Atelectasis:0.22, Cardiomegaly:0.28, Effusion:0.47, Infiltration:0.44, Mass:0.02, Nodule:0.00, Pneumonia:0.00, Pneumothorax:0.00, Consolidation:0.00, Edema:0.00, Emphysema:0.00, Fibrosis:0.00, Pleural_Thickening:0.00, Hernia:0.00 | Time: 15.34s

->> lr: 1.0000000000000004e-08

--------------------------------------------------
Epoch: 103 / 500
Train | Loss: 0.2521 | AP: 0.2635 | AUROC: 0.7545 | F1: 0.12 | F1/class: Atelectasis:0.29, Cardiomegaly:0.32, Effusion:0.52, Infiltration:0.46, Mass:0.03, Nodule:0.00, Pneumonia:0.00, Pneumothorax:0.00, Consolidation:0.00, Edema:0.01, Emphysema:0.00, Fibrosis:0.00, Pleural_Thickening:0.00, Hernia:0.00 | Time: 140.71s
Dev | Loss: 0.2610 | AP: 0.2390 | AUROC: 0.7193 | F1: 0.11 | F1/class: Atelectasis:0.29, Cardiomegaly:0.31, Effusion:0.49, Infiltration:0.42, Mass:0.04, Nodule:0.00, Pneumonia:0.00, Pneumothorax:0.00, Consolidation:0.00, Edema:0.00, Emphysema:0.00, Fibrosis:0.00, Pleural_Thickening:0.00, Hernia:0.00 | Time: 7.59s
test | Loss: 0.3024 | AP: 0.2356 | AUROC: 0.7100 | F1: 0.10 | F1/class: Atelectasis:0.21, Cardiomegaly:0.26, Effusion:0.47, Infiltration:0.43, Mass:0.03, Nodule:0.00, Pneumonia:0.00, Pneumothorax:0.00, Consolidation:0.00, Edema:0.00, Emphysema:0.00, Fibrosis:0.00, Pleural_Thickening:0.00, Hernia:0.00 | Time: 15.27s

->> lr: 1.0000000000000004e-08

--------------------------------------------------
Epoch: 104 / 500
Train | Loss: 0.2525 | AP: 0.2622 | AUROC: 0.7541 | F1: 0.12 | F1/class: Atelectasis:0.28, Cardiomegaly:0.34, Effusion:0.52, Infiltration:0.45, Mass:0.03, Nodule:0.00, Pneumonia:0.00, Pneumothorax:0.00, Consolidation:0.00, Edema:0.00, Emphysema:0.00, Fibrosis:0.00, Pleural_Thickening:0.00, Hernia:0.00 | Time: 140.13s
Dev | Loss: 0.2609 | AP: 0.2391 | AUROC: 0.7196 | F1: 0.11 | F1/class: Atelectasis:0.29, Cardiomegaly:0.31, Effusion:0.49, Infiltration:0.43, Mass:0.03, Nodule:0.00, Pneumonia:0.00, Pneumothorax:0.00, Consolidation:0.00, Edema:0.00, Emphysema:0.00, Fibrosis:0.00, Pleural_Thickening:0.00, Hernia:0.00 | Time: 7.56s
test | Loss: 0.3027 | AP: 0.2355 | AUROC: 0.7099 | F1: 0.10 | F1/class: Atelectasis:0.22, Cardiomegaly:0.26, Effusion:0.46, Infiltration:0.44, Mass:0.02, Nodule:0.00, Pneumonia:0.00, Pneumothorax:0.00, Consolidation:0.00, Edema:0.00, Emphysema:0.00, Fibrosis:0.00, Pleural_Thickening:0.00, Hernia:0.00 | Time: 15.29s

->> lr: 1.0000000000000004e-08

--------------------------------------------------
Epoch: 105 / 500
Train | Loss: 0.2523 | AP: 0.2618 | AUROC: 0.7551 | F1: 0.12 | F1/class: Atelectasis:0.28, Cardiomegaly:0.32, Effusion:0.52, Infiltration:0.46, Mass:0.03, Nodule:0.00, Pneumonia:0.00, Pneumothorax:0.00, Consolidation:0.00, Edema:0.00, Emphysema:0.00, Fibrosis:0.00, Pleural_Thickening:0.00, Hernia:0.00 | Time: 140.99s
Dev | Loss: 0.2609 | AP: 0.2392 | AUROC: 0.7195 | F1: 0.11 | F1/class: Atelectasis:0.25, Cardiomegaly:0.32, Effusion:0.50, Infiltration:0.43, Mass:0.04, Nodule:0.00, Pneumonia:0.00, Pneumothorax:0.00, Consolidation:0.00, Edema:0.00, Emphysema:0.00, Fibrosis:0.00, Pleural_Thickening:0.00, Hernia:0.00 | Time: 7.59s
test | Loss: 0.3026 | AP: 0.2355 | AUROC: 0.7098 | F1: 0.10 | F1/class: Atelectasis:0.19, Cardiomegaly:0.26, Effusion:0.48, Infiltration:0.43, Mass:0.03, Nodule:0.00, Pneumonia:0.00, Pneumothorax:0.00, Consolidation:0.00, Edema:0.00, Emphysema:0.00, Fibrosis:0.00, Pleural_Thickening:0.00, Hernia:0.00 | Time: 15.31s

->> lr: 1.0000000000000004e-08

--------------------------------------------------
Epoch: 106 / 500
Train | Loss: 0.2521 | AP: 0.2626 | AUROC: 0.7559 | F1: 0.12 | F1/class: Atelectasis:0.29, Cardiomegaly:0.33, Effusion:0.52, Infiltration:0.46, Mass:0.04, Nodule:0.00, Pneumonia:0.00, Pneumothorax:0.00, Consolidation:0.00, Edema:0.00, Emphysema:0.00, Fibrosis:0.00, Pleural_Thickening:0.00, Hernia:0.00 | Time: 139.53s
Dev | Loss: 0.2610 | AP: 0.2388 | AUROC: 0.7192 | F1: 0.11 | F1/class: Atelectasis:0.30, Cardiomegaly:0.33, Effusion:0.51, Infiltration:0.42, Mass:0.03, Nodule:0.00, Pneumonia:0.00, Pneumothorax:0.00, Consolidation:0.00, Edema:0.00, Emphysema:0.00, Fibrosis:0.00, Pleural_Thickening:0.00, Hernia:0.00 | Time: 7.59s
test | Loss: 0.3026 | AP: 0.2355 | AUROC: 0.7107 | F1: 0.10 | F1/class: Atelectasis:0.22, Cardiomegaly:0.28, Effusion:0.48, Infiltration:0.42, Mass:0.02, Nodule:0.00, Pneumonia:0.00, Pneumothorax:0.00, Consolidation:0.00, Edema:0.00, Emphysema:0.00, Fibrosis:0.00, Pleural_Thickening:0.00, Hernia:0.00 | Time: 15.30s

->> lr: 1.0000000000000004e-08

--------------------------------------------------
Epoch: 107 / 500
Train | Loss: 0.2524 | AP: 0.2620 | AUROC: 0.7549 | F1: 0.11 | F1/class: Atelectasis:0.29, Cardiomegaly:0.31, Effusion:0.52, Infiltration:0.46, Mass:0.03, Nodule:0.00, Pneumonia:0.00, Pneumothorax:0.00, Consolidation:0.00, Edema:0.00, Emphysema:0.00, Fibrosis:0.00, Pleural_Thickening:0.00, Hernia:0.00 | Time: 137.85s
Dev | Loss: 0.2610 | AP: 0.2390 | AUROC: 0.7192 | F1: 0.11 | F1/class: Atelectasis:0.28, Cardiomegaly:0.35, Effusion:0.49, Infiltration:0.42, Mass:0.04, Nodule:0.00, Pneumonia:0.00, Pneumothorax:0.00, Consolidation:0.00, Edema:0.00, Emphysema:0.00, Fibrosis:0.00, Pleural_Thickening:0.00, Hernia:0.00 | Time: 7.58s
test | Loss: 0.3024 | AP: 0.2353 | AUROC: 0.7099 | F1: 0.10 | F1/class: Atelectasis:0.21, Cardiomegaly:0.29, Effusion:0.47, Infiltration:0.42, Mass:0.03, Nodule:0.00, Pneumonia:0.00, Pneumothorax:0.00, Consolidation:0.00, Edema:0.00, Emphysema:0.00, Fibrosis:0.00, Pleural_Thickening:0.00, Hernia:0.00 | Time: 15.31s

->> lr: 1.0000000000000004e-08

--------------------------------------------------
Epoch: 108 / 500
Train | Loss: 0.2524 | AP: 0.2619 | AUROC: 0.7553 | F1: 0.12 | F1/class: Atelectasis:0.29, Cardiomegaly:0.32, Effusion:0.52, Infiltration:0.46, Mass:0.04, Nodule:0.00, Pneumonia:0.00, Pneumothorax:0.00, Consolidation:0.00, Edema:0.00, Emphysema:0.00, Fibrosis:0.00, Pleural_Thickening:0.00, Hernia:0.00 | Time: 136.98s
Dev | Loss: 0.2609 | AP: 0.2390 | AUROC: 0.7197 | F1: 0.11 | F1/class: Atelectasis:0.26, Cardiomegaly:0.31, Effusion:0.49, Infiltration:0.43, Mass:0.03, Nodule:0.00, Pneumonia:0.00, Pneumothorax:0.00, Consolidation:0.00, Edema:0.01, Emphysema:0.00, Fibrosis:0.00, Pleural_Thickening:0.00, Hernia:0.00 | Time: 7.58s
test | Loss: 0.3025 | AP: 0.2355 | AUROC: 0.7100 | F1: 0.10 | F1/class: Atelectasis:0.19, Cardiomegaly:0.26, Effusion:0.47, Infiltration:0.44, Mass:0.02, Nodule:0.00, Pneumonia:0.00, Pneumothorax:0.00, Consolidation:0.00, Edema:0.00, Emphysema:0.00, Fibrosis:0.00, Pleural_Thickening:0.00, Hernia:0.00 | Time: 15.28s

->> lr: 1.0000000000000004e-08

--------------------------------------------------
Epoch: 109 / 500
Train | Loss: 0.2522 | AP: 0.2623 | AUROC: 0.7561 | F1: 0.12 | F1/class: Atelectasis:0.29, Cardiomegaly:0.33, Effusion:0.53, Infiltration:0.46, Mass:0.03, Nodule:0.00, Pneumonia:0.00, Pneumothorax:0.00, Consolidation:0.00, Edema:0.00, Emphysema:0.00, Fibrosis:0.00, Pleural_Thickening:0.00, Hernia:0.00 | Time: 140.73s
Dev | Loss: 0.2610 | AP: 0.2387 | AUROC: 0.7197 | F1: 0.11 | F1/class: Atelectasis:0.27, Cardiomegaly:0.33, Effusion:0.51, Infiltration:0.42, Mass:0.04, Nodule:0.00, Pneumonia:0.00, Pneumothorax:0.00, Consolidation:0.00, Edema:0.00, Emphysema:0.00, Fibrosis:0.00, Pleural_Thickening:0.00, Hernia:0.00 | Time: 7.54s
test | Loss: 0.3026 | AP: 0.2359 | AUROC: 0.7107 | F1: 0.10 | F1/class: Atelectasis:0.20, Cardiomegaly:0.27, Effusion:0.48, Infiltration:0.43, Mass:0.03, Nodule:0.00, Pneumonia:0.00, Pneumothorax:0.00, Consolidation:0.00, Edema:0.00, Emphysema:0.00, Fibrosis:0.00, Pleural_Thickening:0.00, Hernia:0.00 | Time: 15.27s

->> lr: 1.0000000000000004e-08

--------------------------------------------------
Epoch: 110 / 500
Train | Loss: 0.2524 | AP: 0.2618 | AUROC: 0.7559 | F1: 0.12 | F1/class: Atelectasis:0.28, Cardiomegaly:0.32, Effusion:0.52, Infiltration:0.46, Mass:0.04, Nodule:0.00, Pneumonia:0.00, Pneumothorax:0.00, Consolidation:0.00, Edema:0.00, Emphysema:0.00, Fibrosis:0.00, Pleural_Thickening:0.00, Hernia:0.00 | Time: 139.37s
Dev | Loss: 0.2610 | AP: 0.2391 | AUROC: 0.7193 | F1: 0.11 | F1/class: Atelectasis:0.28, Cardiomegaly:0.34, Effusion:0.48, Infiltration:0.43, Mass:0.03, Nodule:0.00, Pneumonia:0.00, Pneumothorax:0.00, Consolidation:0.00, Edema:0.00, Emphysema:0.00, Fibrosis:0.00, Pleural_Thickening:0.00, Hernia:0.00 | Time: 7.57s
test | Loss: 0.3025 | AP: 0.2350 | AUROC: 0.7095 | F1: 0.10 | F1/class: Atelectasis:0.21, Cardiomegaly:0.28, Effusion:0.46, Infiltration:0.43, Mass:0.02, Nodule:0.00, Pneumonia:0.00, Pneumothorax:0.00, Consolidation:0.00, Edema:0.00, Emphysema:0.00, Fibrosis:0.00, Pleural_Thickening:0.00, Hernia:0.00 | Time: 15.32s

->> lr: 1.0000000000000004e-08

--------------------------------------------------
Epoch: 111 / 500
Train | Loss: 0.2523 | AP: 0.2624 | AUROC: 0.7560 | F1: 0.12 | F1/class: Atelectasis:0.29, Cardiomegaly:0.32, Effusion:0.52, Infiltration:0.46, Mass:0.04, Nodule:0.00, Pneumonia:0.00, Pneumothorax:0.00, Consolidation:0.00, Edema:0.00, Emphysema:0.00, Fibrosis:0.00, Pleural_Thickening:0.00, Hernia:0.00 | Time: 142.75s
Dev | Loss: 0.2609 | AP: 0.2389 | AUROC: 0.7196 | F1: 0.11 | F1/class: Atelectasis:0.27, Cardiomegaly:0.33, Effusion:0.49, Infiltration:0.43, Mass:0.04, Nodule:0.00, Pneumonia:0.00, Pneumothorax:0.00, Consolidation:0.00, Edema:0.00, Emphysema:0.00, Fibrosis:0.00, Pleural_Thickening:0.00, Hernia:0.00 | Time: 7.61s
test | Loss: 0.3024 | AP: 0.2355 | AUROC: 0.7102 | F1: 0.10 | F1/class: Atelectasis:0.21, Cardiomegaly:0.27, Effusion:0.47, Infiltration:0.43, Mass:0.03, Nodule:0.00, Pneumonia:0.00, Pneumothorax:0.00, Consolidation:0.00, Edema:0.00, Emphysema:0.00, Fibrosis:0.00, Pleural_Thickening:0.00, Hernia:0.00 | Time: 15.30s

->> lr: 1.0000000000000004e-08

--------------------------------------------------
Epoch: 112 / 500
Train | Loss: 0.2523 | AP: 0.2622 | AUROC: 0.7559 | F1: 0.12 | F1/class: Atelectasis:0.29, Cardiomegaly:0.32, Effusion:0.52, Infiltration:0.46, Mass:0.04, Nodule:0.00, Pneumonia:0.00, Pneumothorax:0.00, Consolidation:0.00, Edema:0.01, Emphysema:0.00, Fibrosis:0.00, Pleural_Thickening:0.00, Hernia:0.00 | Time: 143.17s
Dev | Loss: 0.2611 | AP: 0.2383 | AUROC: 0.7191 | F1: 0.11 | F1/class: Atelectasis:0.31, Cardiomegaly:0.33, Effusion:0.51, Infiltration:0.40, Mass:0.04, Nodule:0.00, Pneumonia:0.00, Pneumothorax:0.00, Consolidation:0.00, Edema:0.00, Emphysema:0.00, Fibrosis:0.00, Pleural_Thickening:0.00, Hernia:0.00 | Time: 7.50s
test | Loss: 0.3025 | AP: 0.2360 | AUROC: 0.7112 | F1: 0.10 | F1/class: Atelectasis:0.23, Cardiomegaly:0.27, Effusion:0.49, Infiltration:0.43, Mass:0.03, Nodule:0.00, Pneumonia:0.00, Pneumothorax:0.00, Consolidation:0.00, Edema:0.00, Emphysema:0.00, Fibrosis:0.00, Pleural_Thickening:0.00, Hernia:0.00 | Time: 15.29s

->> lr: 1.0000000000000004e-08

--------------------------------------------------
Epoch: 113 / 500
Train | Loss: 0.2524 | AP: 0.2622 | AUROC: 0.7558 | F1: 0.12 | F1/class: Atelectasis:0.29, Cardiomegaly:0.33, Effusion:0.52, Infiltration:0.45, Mass:0.03, Nodule:0.00, Pneumonia:0.00, Pneumothorax:0.00, Consolidation:0.00, Edema:0.00, Emphysema:0.00, Fibrosis:0.00, Pleural_Thickening:0.00, Hernia:0.00 | Time: 145.10s
Dev | Loss: 0.2610 | AP: 0.2390 | AUROC: 0.7195 | F1: 0.11 | F1/class: Atelectasis:0.28, Cardiomegaly:0.33, Effusion:0.49, Infiltration:0.41, Mass:0.04, Nodule:0.00, Pneumonia:0.00, Pneumothorax:0.00, Consolidation:0.00, Edema:0.00, Emphysema:0.00, Fibrosis:0.00, Pleural_Thickening:0.00, Hernia:0.00 | Time: 7.56s
test | Loss: 0.3028 | AP: 0.2354 | AUROC: 0.7102 | F1: 0.10 | F1/class: Atelectasis:0.20, Cardiomegaly:0.28, Effusion:0.47, Infiltration:0.42, Mass:0.03, Nodule:0.00, Pneumonia:0.00, Pneumothorax:0.00, Consolidation:0.00, Edema:0.00, Emphysema:0.00, Fibrosis:0.00, Pleural_Thickening:0.00, Hernia:0.00 | Time: 15.33s

->> lr: 1.0000000000000004e-08

--------------------------------------------------
Epoch: 114 / 500
Train | Loss: 0.2523 | AP: 0.2618 | AUROC: 0.7556 | F1: 0.12 | F1/class: Atelectasis:0.29, Cardiomegaly:0.31, Effusion:0.52, Infiltration:0.45, Mass:0.04, Nodule:0.00, Pneumonia:0.00, Pneumothorax:0.00, Consolidation:0.00, Edema:0.00, Emphysema:0.00, Fibrosis:0.00, Pleural_Thickening:0.00, Hernia:0.00 | Time: 141.42s
Dev | Loss: 0.2610 | AP: 0.2388 | AUROC: 0.7195 | F1: 0.11 | F1/class: Atelectasis:0.27, Cardiomegaly:0.34, Effusion:0.49, Infiltration:0.42, Mass:0.03, Nodule:0.00, Pneumonia:0.00, Pneumothorax:0.00, Consolidation:0.00, Edema:0.00, Emphysema:0.00, Fibrosis:0.00, Pleural_Thickening:0.00, Hernia:0.00 | Time: 7.57s
test | Loss: 0.3023 | AP: 0.2354 | AUROC: 0.7101 | F1: 0.10 | F1/class: Atelectasis:0.20, Cardiomegaly:0.28, Effusion:0.46, Infiltration:0.43, Mass:0.02, Nodule:0.00, Pneumonia:0.00, Pneumothorax:0.00, Consolidation:0.00, Edema:0.00, Emphysema:0.00, Fibrosis:0.00, Pleural_Thickening:0.00, Hernia:0.00 | Time: 15.32s

->> lr: 1.0000000000000004e-08

--------------------------------------------------
Epoch: 115 / 500
Train | Loss: 0.2524 | AP: 0.2620 | AUROC: 0.7556 | F1: 0.12 | F1/class: Atelectasis:0.29, Cardiomegaly:0.32, Effusion:0.52, Infiltration:0.46, Mass:0.03, Nodule:0.00, Pneumonia:0.00, Pneumothorax:0.00, Consolidation:0.00, Edema:0.00, Emphysema:0.00, Fibrosis:0.00, Pleural_Thickening:0.00, Hernia:0.00 | Time: 141.14s
Dev | Loss: 0.2610 | AP: 0.2390 | AUROC: 0.7192 | F1: 0.11 | F1/class: Atelectasis:0.27, Cardiomegaly:0.34, Effusion:0.51, Infiltration:0.42, Mass:0.04, Nodule:0.00, Pneumonia:0.00, Pneumothorax:0.00, Consolidation:0.00, Edema:0.00, Emphysema:0.00, Fibrosis:0.00, Pleural_Thickening:0.00, Hernia:0.00 | Time: 7.50s
test | Loss: 0.3025 | AP: 0.2353 | AUROC: 0.7101 | F1: 0.10 | F1/class: Atelectasis:0.20, Cardiomegaly:0.29, Effusion:0.48, Infiltration:0.42, Mass:0.02, Nodule:0.00, Pneumonia:0.00, Pneumothorax:0.00, Consolidation:0.00, Edema:0.00, Emphysema:0.00, Fibrosis:0.00, Pleural_Thickening:0.00, Hernia:0.00 | Time: 15.29s

->> lr: 1.0000000000000004e-08

--------------------------------------------------
Epoch: 116 / 500
Train | Loss: 0.2524 | AP: 0.2623 | AUROC: 0.7552 | F1: 0.12 | F1/class: Atelectasis:0.29, Cardiomegaly:0.32, Effusion:0.52, Infiltration:0.46, Mass:0.04, Nodule:0.00, Pneumonia:0.00, Pneumothorax:0.00, Consolidation:0.00, Edema:0.01, Emphysema:0.00, Fibrosis:0.00, Pleural_Thickening:0.00, Hernia:0.00 | Time: 136.94s
Dev | Loss: 0.2609 | AP: 0.2387 | AUROC: 0.7196 | F1: 0.11 | F1/class: Atelectasis:0.28, Cardiomegaly:0.31, Effusion:0.50, Infiltration:0.43, Mass:0.03, Nodule:0.00, Pneumonia:0.00, Pneumothorax:0.00, Consolidation:0.00, Edema:0.00, Emphysema:0.00, Fibrosis:0.00, Pleural_Thickening:0.00, Hernia:0.00 | Time: 7.57s
test | Loss: 0.3026 | AP: 0.2358 | AUROC: 0.7103 | F1: 0.10 | F1/class: Atelectasis:0.21, Cardiomegaly:0.26, Effusion:0.48, Infiltration:0.45, Mass:0.02, Nodule:0.00, Pneumonia:0.00, Pneumothorax:0.00, Consolidation:0.00, Edema:0.00, Emphysema:0.00, Fibrosis:0.00, Pleural_Thickening:0.00, Hernia:0.00 | Time: 15.30s

->> lr: 1.0000000000000004e-08

--------------------------------------------------
Epoch: 117 / 500
Train | Loss: 0.2524 | AP: 0.2619 | AUROC: 0.7548 | F1: 0.12 | F1/class: Atelectasis:0.29, Cardiomegaly:0.31, Effusion:0.52, Infiltration:0.46, Mass:0.03, Nodule:0.00, Pneumonia:0.00, Pneumothorax:0.00, Consolidation:0.00, Edema:0.00, Emphysema:0.00, Fibrosis:0.00, Pleural_Thickening:0.00, Hernia:0.00 | Time: 140.03s
Dev | Loss: 0.2610 | AP: 0.2389 | AUROC: 0.7193 | F1: 0.11 | F1/class: Atelectasis:0.28, Cardiomegaly:0.33, Effusion:0.49, Infiltration:0.41, Mass:0.04, Nodule:0.00, Pneumonia:0.00, Pneumothorax:0.00, Consolidation:0.00, Edema:0.00, Emphysema:0.00, Fibrosis:0.00, Pleural_Thickening:0.00, Hernia:0.00 | Time: 7.50s
test | Loss: 0.3022 | AP: 0.2356 | AUROC: 0.7104 | F1: 0.10 | F1/class: Atelectasis:0.21, Cardiomegaly:0.28, Effusion:0.47, Infiltration:0.42, Mass:0.03, Nodule:0.00, Pneumonia:0.00, Pneumothorax:0.00, Consolidation:0.00, Edema:0.00, Emphysema:0.00, Fibrosis:0.00, Pleural_Thickening:0.00, Hernia:0.00 | Time: 15.29s

->> lr: 1.0000000000000004e-08

--------------------------------------------------
Epoch: 118 / 500
Train | Loss: 0.2523 | AP: 0.2624 | AUROC: 0.7561 | F1: 0.12 | F1/class: Atelectasis:0.28, Cardiomegaly:0.33, Effusion:0.52, Infiltration:0.45, Mass:0.03, Nodule:0.00, Pneumonia:0.00, Pneumothorax:0.00, Consolidation:0.00, Edema:0.00, Emphysema:0.00, Fibrosis:0.00, Pleural_Thickening:0.00, Hernia:0.00 | Time: 136.95s
Dev | Loss: 0.2610 | AP: 0.2390 | AUROC: 0.7196 | F1: 0.11 | F1/class: Atelectasis:0.24, Cardiomegaly:0.33, Effusion:0.48, Infiltration:0.41, Mass:0.04, Nodule:0.00, Pneumonia:0.00, Pneumothorax:0.00, Consolidation:0.00, Edema:0.00, Emphysema:0.00, Fibrosis:0.00, Pleural_Thickening:0.00, Hernia:0.00 | Time: 7.54s
test | Loss: 0.3020 | AP: 0.2357 | AUROC: 0.7099 | F1: 0.10 | F1/class: Atelectasis:0.18, Cardiomegaly:0.28, Effusion:0.46, Infiltration:0.42, Mass:0.03, Nodule:0.00, Pneumonia:0.00, Pneumothorax:0.00, Consolidation:0.00, Edema:0.00, Emphysema:0.00, Fibrosis:0.00, Pleural_Thickening:0.00, Hernia:0.00 | Time: 15.32s

->> lr: 1.0000000000000004e-08

--------------------------------------------------
Epoch: 119 / 500
Train | Loss: 0.2523 | AP: 0.2621 | AUROC: 0.7554 | F1: 0.12 | F1/class: Atelectasis:0.29, Cardiomegaly:0.32, Effusion:0.53, Infiltration:0.46, Mass:0.03, Nodule:0.00, Pneumonia:0.00, Pneumothorax:0.00, Consolidation:0.00, Edema:0.00, Emphysema:0.00, Fibrosis:0.00, Pleural_Thickening:0.00, Hernia:0.00 | Time: 135.59s
Dev | Loss: 0.2610 | AP: 0.2386 | AUROC: 0.7195 | F1: 0.11 | F1/class: Atelectasis:0.29, Cardiomegaly:0.33, Effusion:0.51, Infiltration:0.40, Mass:0.04, Nodule:0.00, Pneumonia:0.00, Pneumothorax:0.00, Consolidation:0.00, Edema:0.00, Emphysema:0.00, Fibrosis:0.00, Pleural_Thickening:0.00, Hernia:0.00 | Time: 7.62s
test | Loss: 0.3023 | AP: 0.2361 | AUROC: 0.7110 | F1: 0.10 | F1/class: Atelectasis:0.21, Cardiomegaly:0.27, Effusion:0.48, Infiltration:0.42, Mass:0.03, Nodule:0.00, Pneumonia:0.00, Pneumothorax:0.00, Consolidation:0.00, Edema:0.00, Emphysema:0.00, Fibrosis:0.00, Pleural_Thickening:0.00, Hernia:0.00 | Time: 15.31s

->> lr: 1.0000000000000004e-08

--------------------------------------------------
Epoch: 120 / 500
Train | Loss: 0.2524 | AP: 0.2621 | AUROC: 0.7550 | F1: 0.12 | F1/class: Atelectasis:0.28, Cardiomegaly:0.34, Effusion:0.52, Infiltration:0.46, Mass:0.03, Nodule:0.00, Pneumonia:0.00, Pneumothorax:0.00, Consolidation:0.00, Edema:0.00, Emphysema:0.00, Fibrosis:0.00, Pleural_Thickening:0.00, Hernia:0.00 | Time: 139.82s
Dev | Loss: 0.2609 | AP: 0.2391 | AUROC: 0.7192 | F1: 0.11 | F1/class: Atelectasis:0.29, Cardiomegaly:0.31, Effusion:0.49, Infiltration:0.42, Mass:0.03, Nodule:0.00, Pneumonia:0.00, Pneumothorax:0.00, Consolidation:0.00, Edema:0.00, Emphysema:0.00, Fibrosis:0.00, Pleural_Thickening:0.00, Hernia:0.00 | Time: 7.59s
test | Loss: 0.3026 | AP: 0.2354 | AUROC: 0.7100 | F1: 0.10 | F1/class: Atelectasis:0.22, Cardiomegaly:0.26, Effusion:0.47, Infiltration:0.42, Mass:0.03, Nodule:0.00, Pneumonia:0.00, Pneumothorax:0.00, Consolidation:0.00, Edema:0.00, Emphysema:0.00, Fibrosis:0.00, Pleural_Thickening:0.00, Hernia:0.00 | Time: 15.25s

->> lr: 1.0000000000000004e-08

--------------------------------------------------
Epoch: 121 / 500
Train | Loss: 0.2521 | AP: 0.2628 | AUROC: 0.7556 | F1: 0.12 | F1/class: Atelectasis:0.29, Cardiomegaly:0.34, Effusion:0.52, Infiltration:0.46, Mass:0.03, Nodule:0.00, Pneumonia:0.00, Pneumothorax:0.00, Consolidation:0.00, Edema:0.00, Emphysema:0.00, Fibrosis:0.00, Pleural_Thickening:0.00, Hernia:0.00 | Time: 141.44s
Dev | Loss: 0.2610 | AP: 0.2388 | AUROC: 0.7192 | F1: 0.11 | F1/class: Atelectasis:0.31, Cardiomegaly:0.31, Effusion:0.49, Infiltration:0.42, Mass:0.03, Nodule:0.00, Pneumonia:0.00, Pneumothorax:0.00, Consolidation:0.00, Edema:0.00, Emphysema:0.00, Fibrosis:0.00, Pleural_Thickening:0.00, Hernia:0.00 | Time: 7.64s
test | Loss: 0.3025 | AP: 0.2358 | AUROC: 0.7104 | F1: 0.10 | F1/class: Atelectasis:0.22, Cardiomegaly:0.26, Effusion:0.47, Infiltration:0.44, Mass:0.03, Nodule:0.00, Pneumonia:0.00, Pneumothorax:0.00, Consolidation:0.00, Edema:0.00, Emphysema:0.00, Fibrosis:0.00, Pleural_Thickening:0.00, Hernia:0.00 | Time: 15.28s

->> lr: 1.0000000000000004e-08

--------------------------------------------------
Epoch: 122 / 500
Train | Loss: 0.2523 | AP: 0.2617 | AUROC: 0.7553 | F1: 0.12 | F1/class: Atelectasis:0.28, Cardiomegaly:0.32, Effusion:0.52, Infiltration:0.46, Mass:0.03, Nodule:0.00, Pneumonia:0.00, Pneumothorax:0.00, Consolidation:0.00, Edema:0.00, Emphysema:0.00, Fibrosis:0.00, Pleural_Thickening:0.00, Hernia:0.00 | Time: 137.16s
Dev | Loss: 0.2610 | AP: 0.2392 | AUROC: 0.7197 | F1: 0.11 | F1/class: Atelectasis:0.25, Cardiomegaly:0.32, Effusion:0.50, Infiltration:0.43, Mass:0.04, Nodule:0.00, Pneumonia:0.00, Pneumothorax:0.00, Consolidation:0.00, Edema:0.00, Emphysema:0.00, Fibrosis:0.00, Pleural_Thickening:0.00, Hernia:0.00 | Time: 7.62s
test | Loss: 0.3027 | AP: 0.2352 | AUROC: 0.7097 | F1: 0.10 | F1/class: Atelectasis:0.19, Cardiomegaly:0.27, Effusion:0.48, Infiltration:0.44, Mass:0.02, Nodule:0.00, Pneumonia:0.00, Pneumothorax:0.00, Consolidation:0.00, Edema:0.00, Emphysema:0.00, Fibrosis:0.00, Pleural_Thickening:0.00, Hernia:0.00 | Time: 15.28s

->> lr: 1.0000000000000004e-08

--------------------------------------------------
Epoch: 123 / 500
Train | Loss: 0.2523 | AP: 0.2613 | AUROC: 0.7550 | F1: 0.12 | F1/class: Atelectasis:0.29, Cardiomegaly:0.33, Effusion:0.53, Infiltration:0.45, Mass:0.03, Nodule:0.00, Pneumonia:0.00, Pneumothorax:0.00, Consolidation:0.00, Edema:0.00, Emphysema:0.00, Fibrosis:0.00, Pleural_Thickening:0.00, Hernia:0.00 | Time: 137.57s
Dev | Loss: 0.2610 | AP: 0.2389 | AUROC: 0.7193 | F1: 0.11 | F1/class: Atelectasis:0.30, Cardiomegaly:0.31, Effusion:0.48, Infiltration:0.42, Mass:0.03, Nodule:0.00, Pneumonia:0.00, Pneumothorax:0.00, Consolidation:0.00, Edema:0.00, Emphysema:0.00, Fibrosis:0.00, Pleural_Thickening:0.00, Hernia:0.00 | Time: 7.58s
test | Loss: 0.3026 | AP: 0.2355 | AUROC: 0.7101 | F1: 0.10 | F1/class: Atelectasis:0.22, Cardiomegaly:0.27, Effusion:0.46, Infiltration:0.43, Mass:0.02, Nodule:0.00, Pneumonia:0.00, Pneumothorax:0.00, Consolidation:0.00, Edema:0.00, Emphysema:0.00, Fibrosis:0.00, Pleural_Thickening:0.00, Hernia:0.00 | Time: 15.34s

->> lr: 1.0000000000000004e-08

--------------------------------------------------
Epoch: 124 / 500
Train | Loss: 0.2525 | AP: 0.2616 | AUROC: 0.7540 | F1: 0.12 | F1/class: Atelectasis:0.29, Cardiomegaly:0.32, Effusion:0.52, Infiltration:0.45, Mass:0.04, Nodule:0.00, Pneumonia:0.00, Pneumothorax:0.00, Consolidation:0.00, Edema:0.00, Emphysema:0.00, Fibrosis:0.00, Pleural_Thickening:0.00, Hernia:0.00 | Time: 133.93s
Dev | Loss: 0.2610 | AP: 0.2389 | AUROC: 0.7191 | F1: 0.11 | F1/class: Atelectasis:0.30, Cardiomegaly:0.31, Effusion:0.48, Infiltration:0.41, Mass:0.03, Nodule:0.00, Pneumonia:0.00, Pneumothorax:0.00, Consolidation:0.00, Edema:0.00, Emphysema:0.00, Fibrosis:0.00, Pleural_Thickening:0.00, Hernia:0.00 | Time: 7.62s
test | Loss: 0.3021 | AP: 0.2357 | AUROC: 0.7103 | F1: 0.10 | F1/class: Atelectasis:0.22, Cardiomegaly:0.26, Effusion:0.45, Infiltration:0.42, Mass:0.02, Nodule:0.00, Pneumonia:0.00, Pneumothorax:0.00, Consolidation:0.00, Edema:0.00, Emphysema:0.00, Fibrosis:0.00, Pleural_Thickening:0.00, Hernia:0.00 | Time: 15.32s

->> lr: 1.0000000000000004e-08

--------------------------------------------------
Epoch: 125 / 500
Train | Loss: 0.2523 | AP: 0.2623 | AUROC: 0.7558 | F1: 0.12 | F1/class: Atelectasis:0.28, Cardiomegaly:0.33, Effusion:0.52, Infiltration:0.46, Mass:0.04, Nodule:0.00, Pneumonia:0.00, Pneumothorax:0.00, Consolidation:0.00, Edema:0.00, Emphysema:0.00, Fibrosis:0.00, Pleural_Thickening:0.00, Hernia:0.00 | Time: 139.55s
Dev | Loss: 0.2611 | AP: 0.2390 | AUROC: 0.7192 | F1: 0.11 | F1/class: Atelectasis:0.29, Cardiomegaly:0.33, Effusion:0.48, Infiltration:0.42, Mass:0.03, Nodule:0.00, Pneumonia:0.00, Pneumothorax:0.00, Consolidation:0.00, Edema:0.00, Emphysema:0.00, Fibrosis:0.00, Pleural_Thickening:0.00, Hernia:0.00 | Time: 7.63s
test | Loss: 0.3026 | AP: 0.2353 | AUROC: 0.7097 | F1: 0.10 | F1/class: Atelectasis:0.22, Cardiomegaly:0.28, Effusion:0.45, Infiltration:0.43, Mass:0.02, Nodule:0.00, Pneumonia:0.00, Pneumothorax:0.00, Consolidation:0.00, Edema:0.00, Emphysema:0.00, Fibrosis:0.00, Pleural_Thickening:0.00, Hernia:0.00 | Time: 15.31s

->> lr: 1.0000000000000004e-08

--------------------------------------------------
Epoch: 126 / 500
Train | Loss: 0.2525 | AP: 0.2611 | AUROC: 0.7545 | F1: 0.11 | F1/class: Atelectasis:0.29, Cardiomegaly:0.31, Effusion:0.52, Infiltration:0.45, Mass:0.03, Nodule:0.00, Pneumonia:0.00, Pneumothorax:0.00, Consolidation:0.00, Edema:0.00, Emphysema:0.00, Fibrosis:0.00, Pleural_Thickening:0.00, Hernia:0.00 | Time: 139.52s
Dev | Loss: 0.2610 | AP: 0.2387 | AUROC: 0.7196 | F1: 0.11 | F1/class: Atelectasis:0.29, Cardiomegaly:0.34, Effusion:0.49, Infiltration:0.42, Mass:0.03, Nodule:0.00, Pneumonia:0.00, Pneumothorax:0.00, Consolidation:0.00, Edema:0.00, Emphysema:0.00, Fibrosis:0.00, Pleural_Thickening:0.00, Hernia:0.00 | Time: 7.59s
test | Loss: 0.3024 | AP: 0.2356 | AUROC: 0.7104 | F1: 0.10 | F1/class: Atelectasis:0.22, Cardiomegaly:0.29, Effusion:0.46, Infiltration:0.44, Mass:0.02, Nodule:0.00, Pneumonia:0.00, Pneumothorax:0.00, Consolidation:0.00, Edema:0.00, Emphysema:0.00, Fibrosis:0.00, Pleural_Thickening:0.00, Hernia:0.00 | Time: 15.27s

->> lr: 1.0000000000000004e-08

--------------------------------------------------
Epoch: 127 / 500
Train | Loss: 0.2524 | AP: 0.2614 | AUROC: 0.7548 | F1: 0.11 | F1/class: Atelectasis:0.29, Cardiomegaly:0.31, Effusion:0.52, Infiltration:0.46, Mass:0.03, Nodule:0.00, Pneumonia:0.00, Pneumothorax:0.00, Consolidation:0.00, Edema:0.00, Emphysema:0.00, Fibrosis:0.00, Pleural_Thickening:0.00, Hernia:0.00 | Time: 138.51s
Dev | Loss: 0.2610 | AP: 0.2386 | AUROC: 0.7199 | F1: 0.11 | F1/class: Atelectasis:0.26, Cardiomegaly:0.33, Effusion:0.49, Infiltration:0.42, Mass:0.04, Nodule:0.00, Pneumonia:0.00, Pneumothorax:0.00, Consolidation:0.00, Edema:0.00, Emphysema:0.00, Fibrosis:0.00, Pleural_Thickening:0.00, Hernia:0.00 | Time: 7.53s
test | Loss: 0.3025 | AP: 0.2359 | AUROC: 0.7106 | F1: 0.10 | F1/class: Atelectasis:0.19, Cardiomegaly:0.28, Effusion:0.47, Infiltration:0.44, Mass:0.03, Nodule:0.00, Pneumonia:0.00, Pneumothorax:0.00, Consolidation:0.00, Edema:0.00, Emphysema:0.00, Fibrosis:0.00, Pleural_Thickening:0.00, Hernia:0.00 | Time: 15.35s

->> lr: 1.0000000000000004e-08

--------------------------------------------------
Epoch: 128 / 500
Train | Loss: 0.2521 | AP: 0.2624 | AUROC: 0.7564 | F1: 0.12 | F1/class: Atelectasis:0.28, Cardiomegaly:0.32, Effusion:0.52, Infiltration:0.46, Mass:0.04, Nodule:0.00, Pneumonia:0.00, Pneumothorax:0.00, Consolidation:0.00, Edema:0.00, Emphysema:0.00, Fibrosis:0.00, Pleural_Thickening:0.00, Hernia:0.00 | Time: 140.48s
Dev | Loss: 0.2610 | AP: 0.2390 | AUROC: 0.7193 | F1: 0.11 | F1/class: Atelectasis:0.27, Cardiomegaly:0.32, Effusion:0.48, Infiltration:0.43, Mass:0.03, Nodule:0.00, Pneumonia:0.00, Pneumothorax:0.00, Consolidation:0.00, Edema:0.00, Emphysema:0.00, Fibrosis:0.00, Pleural_Thickening:0.00, Hernia:0.00 | Time: 7.60s
test | Loss: 0.3026 | AP: 0.2350 | AUROC: 0.7094 | F1: 0.10 | F1/class: Atelectasis:0.20, Cardiomegaly:0.27, Effusion:0.46, Infiltration:0.44, Mass:0.02, Nodule:0.00, Pneumonia:0.00, Pneumothorax:0.00, Consolidation:0.00, Edema:0.00, Emphysema:0.00, Fibrosis:0.00, Pleural_Thickening:0.00, Hernia:0.00 | Time: 15.30s

->> lr: 1.0000000000000004e-08

--------------------------------------------------
Epoch: 129 / 500
Train | Loss: 0.2524 | AP: 0.2615 | AUROC: 0.7554 | F1: 0.12 | F1/class: Atelectasis:0.28, Cardiomegaly:0.31, Effusion:0.53, Infiltration:0.46, Mass:0.04, Nodule:0.00, Pneumonia:0.00, Pneumothorax:0.00, Consolidation:0.00, Edema:0.00, Emphysema:0.00, Fibrosis:0.00, Pleural_Thickening:0.00, Hernia:0.00 | Time: 136.45s
Dev | Loss: 0.2610 | AP: 0.2385 | AUROC: 0.7194 | F1: 0.11 | F1/class: Atelectasis:0.30, Cardiomegaly:0.33, Effusion:0.49, Infiltration:0.42, Mass:0.03, Nodule:0.00, Pneumonia:0.00, Pneumothorax:0.00, Consolidation:0.00, Edema:0.00, Emphysema:0.00, Fibrosis:0.00, Pleural_Thickening:0.00, Hernia:0.00 | Time: 7.62s
test | Loss: 0.3025 | AP: 0.2359 | AUROC: 0.7106 | F1: 0.10 | F1/class: Atelectasis:0.22, Cardiomegaly:0.27, Effusion:0.47, Infiltration:0.44, Mass:0.03, Nodule:0.00, Pneumonia:0.00, Pneumothorax:0.00, Consolidation:0.00, Edema:0.00, Emphysema:0.00, Fibrosis:0.00, Pleural_Thickening:0.00, Hernia:0.00 | Time: 15.30s

->> lr: 1.0000000000000004e-08

--------------------------------------------------
Epoch: 130 / 500
Train | Loss: 0.2524 | AP: 0.2618 | AUROC: 0.7550 | F1: 0.12 | F1/class: Atelectasis:0.29, Cardiomegaly:0.32, Effusion:0.52, Infiltration:0.46, Mass:0.04, Nodule:0.00, Pneumonia:0.00, Pneumothorax:0.00, Consolidation:0.00, Edema:0.00, Emphysema:0.00, Fibrosis:0.00, Pleural_Thickening:0.00, Hernia:0.00 | Time: 139.78s
Dev | Loss: 0.2610 | AP: 0.2385 | AUROC: 0.7193 | F1: 0.11 | F1/class: Atelectasis:0.30, Cardiomegaly:0.31, Effusion:0.51, Infiltration:0.43, Mass:0.04, Nodule:0.00, Pneumonia:0.00, Pneumothorax:0.00, Consolidation:0.00, Edema:0.00, Emphysema:0.00, Fibrosis:0.00, Pleural_Thickening:0.00, Hernia:0.00 | Time: 7.65s
test | Loss: 0.3030 | AP: 0.2358 | AUROC: 0.7106 | F1: 0.10 | F1/class: Atelectasis:0.22, Cardiomegaly:0.25, Effusion:0.48, Infiltration:0.44, Mass:0.03, Nodule:0.00, Pneumonia:0.00, Pneumothorax:0.00, Consolidation:0.00, Edema:0.00, Emphysema:0.00, Fibrosis:0.00, Pleural_Thickening:0.00, Hernia:0.00 | Time: 15.30s

->> lr: 1.0000000000000004e-08

--------------------------------------------------
Epoch: 131 / 500
Train | Loss: 0.2525 | AP: 0.2615 | AUROC: 0.7549 | F1: 0.12 | F1/class: Atelectasis:0.28, Cardiomegaly:0.31, Effusion:0.52, Infiltration:0.46, Mass:0.03, Nodule:0.00, Pneumonia:0.00, Pneumothorax:0.00, Consolidation:0.00, Edema:0.00, Emphysema:0.00, Fibrosis:0.00, Pleural_Thickening:0.00, Hernia:0.00 | Time: 137.69s
Dev | Loss: 0.2610 | AP: 0.2386 | AUROC: 0.7195 | F1: 0.11 | F1/class: Atelectasis:0.31, Cardiomegaly:0.31, Effusion:0.51, Infiltration:0.43, Mass:0.03, Nodule:0.00, Pneumonia:0.00, Pneumothorax:0.00, Consolidation:0.00, Edema:0.00, Emphysema:0.00, Fibrosis:0.00, Pleural_Thickening:0.00, Hernia:0.00 | Time: 7.50s
test | Loss: 0.3031 | AP: 0.2359 | AUROC: 0.7109 | F1: 0.10 | F1/class: Atelectasis:0.22, Cardiomegaly:0.26, Effusion:0.48, Infiltration:0.44, Mass:0.03, Nodule:0.00, Pneumonia:0.00, Pneumothorax:0.00, Consolidation:0.00, Edema:0.00, Emphysema:0.00, Fibrosis:0.00, Pleural_Thickening:0.00, Hernia:0.00 | Time: 15.30s

->> lr: 1.0000000000000004e-08

--------------------------------------------------
Epoch: 132 / 500
Train | Loss: 0.2522 | AP: 0.2620 | AUROC: 0.7556 | F1: 0.12 | F1/class: Atelectasis:0.28, Cardiomegaly:0.32, Effusion:0.52, Infiltration:0.46, Mass:0.04, Nodule:0.00, Pneumonia:0.00, Pneumothorax:0.00, Consolidation:0.00, Edema:0.00, Emphysema:0.00, Fibrosis:0.00, Pleural_Thickening:0.00, Hernia:0.00 | Time: 136.05s
Dev | Loss: 0.2609 | AP: 0.2389 | AUROC: 0.7193 | F1: 0.11 | F1/class: Atelectasis:0.30, Cardiomegaly:0.32, Effusion:0.49, Infiltration:0.42, Mass:0.03, Nodule:0.00, Pneumonia:0.00, Pneumothorax:0.00, Consolidation:0.00, Edema:0.00, Emphysema:0.00, Fibrosis:0.00, Pleural_Thickening:0.00, Hernia:0.00 | Time: 7.55s
test | Loss: 0.3026 | AP: 0.2355 | AUROC: 0.7100 | F1: 0.10 | F1/class: Atelectasis:0.22, Cardiomegaly:0.26, Effusion:0.47, Infiltration:0.43, Mass:0.03, Nodule:0.00, Pneumonia:0.00, Pneumothorax:0.00, Consolidation:0.00, Edema:0.00, Emphysema:0.00, Fibrosis:0.00, Pleural_Thickening:0.00, Hernia:0.00 | Time: 15.34s

->> lr: 1.0000000000000004e-08

--------------------------------------------------
Epoch: 133 / 500
Train | Loss: 0.2523 | AP: 0.2621 | AUROC: 0.7551 | F1: 0.12 | F1/class: Atelectasis:0.29, Cardiomegaly:0.32, Effusion:0.52, Infiltration:0.46, Mass:0.03, Nodule:0.00, Pneumonia:0.00, Pneumothorax:0.00, Consolidation:0.00, Edema:0.01, Emphysema:0.00, Fibrosis:0.00, Pleural_Thickening:0.00, Hernia:0.00 | Time: 136.45s
Dev | Loss: 0.2610 | AP: 0.2387 | AUROC: 0.7192 | F1: 0.11 | F1/class: Atelectasis:0.29, Cardiomegaly:0.33, Effusion:0.51, Infiltration:0.42, Mass:0.03, Nodule:0.00, Pneumonia:0.00, Pneumothorax:0.00, Consolidation:0.00, Edema:0.00, Emphysema:0.00, Fibrosis:0.00, Pleural_Thickening:0.00, Hernia:0.00 | Time: 7.81s
test | Loss: 0.3028 | AP: 0.2357 | AUROC: 0.7104 | F1: 0.10 | F1/class: Atelectasis:0.22, Cardiomegaly:0.27, Effusion:0.48, Infiltration:0.43, Mass:0.02, Nodule:0.00, Pneumonia:0.00, Pneumothorax:0.00, Consolidation:0.00, Edema:0.00, Emphysema:0.00, Fibrosis:0.00, Pleural_Thickening:0.00, Hernia:0.00 | Time: 15.31s

->> lr: 1.0000000000000004e-08

--------------------------------------------------
Epoch: 134 / 500
Train | Loss: 0.2524 | AP: 0.2617 | AUROC: 0.7552 | F1: 0.12 | F1/class: Atelectasis:0.28, Cardiomegaly:0.33, Effusion:0.52, Infiltration:0.46, Mass:0.04, Nodule:0.00, Pneumonia:0.00, Pneumothorax:0.00, Consolidation:0.00, Edema:0.01, Emphysema:0.00, Fibrosis:0.00, Pleural_Thickening:0.00, Hernia:0.00 | Time: 138.32s
Dev | Loss: 0.2610 | AP: 0.2391 | AUROC: 0.7197 | F1: 0.11 | F1/class: Atelectasis:0.25, Cardiomegaly:0.32, Effusion:0.49, Infiltration:0.44, Mass:0.04, Nodule:0.00, Pneumonia:0.00, Pneumothorax:0.00, Consolidation:0.00, Edema:0.00, Emphysema:0.00, Fibrosis:0.00, Pleural_Thickening:0.00, Hernia:0.00 | Time: 7.57s
test | Loss: 0.3028 | AP: 0.2353 | AUROC: 0.7096 | F1: 0.10 | F1/class: Atelectasis:0.18, Cardiomegaly:0.27, Effusion:0.46, Infiltration:0.45, Mass:0.02, Nodule:0.00, Pneumonia:0.00, Pneumothorax:0.00, Consolidation:0.00, Edema:0.00, Emphysema:0.00, Fibrosis:0.00, Pleural_Thickening:0.00, Hernia:0.00 | Time: 15.31s

->> lr: 1.0000000000000004e-08

--------------------------------------------------
Epoch: 135 / 500
Train | Loss: 0.2523 | AP: 0.2628 | AUROC: 0.7553 | F1: 0.12 | F1/class: Atelectasis:0.28, Cardiomegaly:0.33, Effusion:0.52, Infiltration:0.46, Mass:0.03, Nodule:0.00, Pneumonia:0.00, Pneumothorax:0.00, Consolidation:0.00, Edema:0.00, Emphysema:0.00, Fibrosis:0.00, Pleural_Thickening:0.00, Hernia:0.00 | Time: 133.40s
Dev | Loss: 0.2610 | AP: 0.2388 | AUROC: 0.7195 | F1: 0.11 | F1/class: Atelectasis:0.28, Cardiomegaly:0.33, Effusion:0.49, Infiltration:0.43, Mass:0.03, Nodule:0.00, Pneumonia:0.00, Pneumothorax:0.00, Consolidation:0.00, Edema:0.00, Emphysema:0.00, Fibrosis:0.00, Pleural_Thickening:0.00, Hernia:0.00 | Time: 7.54s
test | Loss: 0.3027 | AP: 0.2355 | AUROC: 0.7102 | F1: 0.10 | F1/class: Atelectasis:0.21, Cardiomegaly:0.28, Effusion:0.46, Infiltration:0.44, Mass:0.02, Nodule:0.00, Pneumonia:0.00, Pneumothorax:0.00, Consolidation:0.00, Edema:0.00, Emphysema:0.00, Fibrosis:0.00, Pleural_Thickening:0.00, Hernia:0.00 | Time: 15.32s

->> lr: 1.0000000000000004e-08

--------------------------------------------------
Epoch: 136 / 500
Train | Loss: 0.2524 | AP: 0.2622 | AUROC: 0.7549 | F1: 0.11 | F1/class: Atelectasis:0.28, Cardiomegaly:0.32, Effusion:0.52, Infiltration:0.46, Mass:0.03, Nodule:0.00, Pneumonia:0.00, Pneumothorax:0.00, Consolidation:0.00, Edema:0.00, Emphysema:0.00, Fibrosis:0.00, Pleural_Thickening:0.00, Hernia:0.00 | Time: 138.02s
Dev | Loss: 0.2611 | AP: 0.2391 | AUROC: 0.7196 | F1: 0.11 | F1/class: Atelectasis:0.27, Cardiomegaly:0.33, Effusion:0.48, Infiltration:0.43, Mass:0.04, Nodule:0.00, Pneumonia:0.00, Pneumothorax:0.00, Consolidation:0.00, Edema:0.00, Emphysema:0.00, Fibrosis:0.00, Pleural_Thickening:0.00, Hernia:0.00 | Time: 7.62s
test | Loss: 0.3028 | AP: 0.2354 | AUROC: 0.7100 | F1: 0.10 | F1/class: Atelectasis:0.21, Cardiomegaly:0.29, Effusion:0.45, Infiltration:0.44, Mass:0.03, Nodule:0.00, Pneumonia:0.00, Pneumothorax:0.00, Consolidation:0.00, Edema:0.00, Emphysema:0.00, Fibrosis:0.00, Pleural_Thickening:0.00, Hernia:0.00 | Time: 15.27s

->> lr: 1.0000000000000004e-08

--------------------------------------------------
Epoch: 137 / 500
Train | Loss: 0.2523 | AP: 0.2626 | AUROC: 0.7552 | F1: 0.12 | F1/class: Atelectasis:0.29, Cardiomegaly:0.32, Effusion:0.52, Infiltration:0.46, Mass:0.03, Nodule:0.00, Pneumonia:0.00, Pneumothorax:0.00, Consolidation:0.00, Edema:0.00, Emphysema:0.00, Fibrosis:0.00, Pleural_Thickening:0.00, Hernia:0.00 | Time: 138.24s
Dev | Loss: 0.2609 | AP: 0.2390 | AUROC: 0.7193 | F1: 0.11 | F1/class: Atelectasis:0.30, Cardiomegaly:0.31, Effusion:0.50, Infiltration:0.42, Mass:0.03, Nodule:0.00, Pneumonia:0.00, Pneumothorax:0.00, Consolidation:0.00, Edema:0.00, Emphysema:0.00, Fibrosis:0.00, Pleural_Thickening:0.00, Hernia:0.00 | Time: 7.56s
test | Loss: 0.3028 | AP: 0.2352 | AUROC: 0.7100 | F1: 0.10 | F1/class: Atelectasis:0.22, Cardiomegaly:0.27, Effusion:0.48, Infiltration:0.43, Mass:0.03, Nodule:0.00, Pneumonia:0.00, Pneumothorax:0.00, Consolidation:0.00, Edema:0.00, Emphysema:0.00, Fibrosis:0.00, Pleural_Thickening:0.00, Hernia:0.00 | Time: 15.31s

->> lr: 1.0000000000000004e-08

--------------------------------------------------
Epoch: 138 / 500
Train | Loss: 0.2524 | AP: 0.2615 | AUROC: 0.7554 | F1: 0.12 | F1/class: Atelectasis:0.29, Cardiomegaly:0.32, Effusion:0.52, Infiltration:0.45, Mass:0.03, Nodule:0.00, Pneumonia:0.00, Pneumothorax:0.00, Consolidation:0.00, Edema:0.00, Emphysema:0.00, Fibrosis:0.00, Pleural_Thickening:0.00, Hernia:0.00 | Time: 135.66s
Dev | Loss: 0.2609 | AP: 0.2390 | AUROC: 0.7197 | F1: 0.11 | F1/class: Atelectasis:0.28, Cardiomegaly:0.33, Effusion:0.49, Infiltration:0.42, Mass:0.04, Nodule:0.00, Pneumonia:0.00, Pneumothorax:0.00, Consolidation:0.00, Edema:0.00, Emphysema:0.00, Fibrosis:0.00, Pleural_Thickening:0.00, Hernia:0.00 | Time: 7.57s
test | Loss: 0.3024 | AP: 0.2356 | AUROC: 0.7103 | F1: 0.10 | F1/class: Atelectasis:0.21, Cardiomegaly:0.28, Effusion:0.47, Infiltration:0.43, Mass:0.03, Nodule:0.00, Pneumonia:0.00, Pneumothorax:0.00, Consolidation:0.00, Edema:0.00, Emphysema:0.00, Fibrosis:0.00, Pleural_Thickening:0.00, Hernia:0.00 | Time: 15.29s

->> lr: 1.0000000000000004e-08

--------------------------------------------------
Epoch: 139 / 500
Train | Loss: 0.2523 | AP: 0.2626 | AUROC: 0.7556 | F1: 0.12 | F1/class: Atelectasis:0.28, Cardiomegaly:0.33, Effusion:0.52, Infiltration:0.45, Mass:0.03, Nodule:0.00, Pneumonia:0.00, Pneumothorax:0.00, Consolidation:0.00, Edema:0.00, Emphysema:0.00, Fibrosis:0.00, Pleural_Thickening:0.00, Hernia:0.00 | Time: 139.74s
Dev | Loss: 0.2611 | AP: 0.2386 | AUROC: 0.7192 | F1: 0.11 | F1/class: Atelectasis:0.31, Cardiomegaly:0.34, Effusion:0.49, Infiltration:0.41, Mass:0.04, Nodule:0.00, Pneumonia:0.00, Pneumothorax:0.00, Consolidation:0.00, Edema:0.00, Emphysema:0.00, Fibrosis:0.00, Pleural_Thickening:0.00, Hernia:0.00 | Time: 7.55s
test | Loss: 0.3026 | AP: 0.2357 | AUROC: 0.7108 | F1: 0.10 | F1/class: Atelectasis:0.23, Cardiomegaly:0.28, Effusion:0.47, Infiltration:0.42, Mass:0.02, Nodule:0.00, Pneumonia:0.00, Pneumothorax:0.00, Consolidation:0.00, Edema:0.00, Emphysema:0.00, Fibrosis:0.00, Pleural_Thickening:0.00, Hernia:0.00 | Time: 15.31s

->> lr: 1.0000000000000004e-08

--------------------------------------------------
Epoch: 140 / 500
Train | Loss: 0.2524 | AP: 0.2612 | AUROC: 0.7554 | F1: 0.12 | F1/class: Atelectasis:0.29, Cardiomegaly:0.32, Effusion:0.52, Infiltration:0.46, Mass:0.03, Nodule:0.00, Pneumonia:0.00, Pneumothorax:0.00, Consolidation:0.00, Edema:0.00, Emphysema:0.00, Fibrosis:0.00, Pleural_Thickening:0.00, Hernia:0.00 | Time: 135.25s
Dev | Loss: 0.2610 | AP: 0.2389 | AUROC: 0.7195 | F1: 0.11 | F1/class: Atelectasis:0.28, Cardiomegaly:0.33, Effusion:0.50, Infiltration:0.42, Mass:0.03, Nodule:0.00, Pneumonia:0.00, Pneumothorax:0.00, Consolidation:0.00, Edema:0.00, Emphysema:0.00, Fibrosis:0.00, Pleural_Thickening:0.00, Hernia:0.00 | Time: 7.52s
test | Loss: 0.3025 | AP: 0.2355 | AUROC: 0.7103 | F1: 0.10 | F1/class: Atelectasis:0.21, Cardiomegaly:0.28, Effusion:0.48, Infiltration:0.43, Mass:0.02, Nodule:0.00, Pneumonia:0.00, Pneumothorax:0.00, Consolidation:0.00, Edema:0.00, Emphysema:0.00, Fibrosis:0.00, Pleural_Thickening:0.00, Hernia:0.00 | Time: 15.28s

->> lr: 1.0000000000000004e-08

--------------------------------------------------
Epoch: 141 / 500
Train | Loss: 0.2523 | AP: 0.2613 | AUROC: 0.7557 | F1: 0.11 | F1/class: Atelectasis:0.29, Cardiomegaly:0.31, Effusion:0.52, Infiltration:0.46, Mass:0.03, Nodule:0.00, Pneumonia:0.00, Pneumothorax:0.00, Consolidation:0.00, Edema:0.00, Emphysema:0.00, Fibrosis:0.00, Pleural_Thickening:0.00, Hernia:0.00 | Time: 140.29s
Dev | Loss: 0.2610 | AP: 0.2385 | AUROC: 0.7195 | F1: 0.11 | F1/class: Atelectasis:0.29, Cardiomegaly:0.33, Effusion:0.51, Infiltration:0.42, Mass:0.04, Nodule:0.00, Pneumonia:0.00, Pneumothorax:0.00, Consolidation:0.00, Edema:0.00, Emphysema:0.00, Fibrosis:0.00, Pleural_Thickening:0.00, Hernia:0.00 | Time: 7.54s
test | Loss: 0.3029 | AP: 0.2358 | AUROC: 0.7108 | F1: 0.10 | F1/class: Atelectasis:0.21, Cardiomegaly:0.28, Effusion:0.48, Infiltration:0.44, Mass:0.03, Nodule:0.00, Pneumonia:0.00, Pneumothorax:0.00, Consolidation:0.00, Edema:0.00, Emphysema:0.00, Fibrosis:0.00, Pleural_Thickening:0.00, Hernia:0.00 | Time: 15.31s

->> lr: 1.0000000000000004e-08

--------------------------------------------------
Epoch: 142 / 500
Train | Loss: 0.2523 | AP: 0.2612 | AUROC: 0.7560 | F1: 0.11 | F1/class: Atelectasis:0.29, Cardiomegaly:0.31, Effusion:0.52, Infiltration:0.46, Mass:0.03, Nodule:0.00, Pneumonia:0.00, Pneumothorax:0.00, Consolidation:0.00, Edema:0.00, Emphysema:0.00, Fibrosis:0.00, Pleural_Thickening:0.00, Hernia:0.00 | Time: 137.25s
Dev | Loss: 0.2610 | AP: 0.2390 | AUROC: 0.7192 | F1: 0.11 | F1/class: Atelectasis:0.31, Cardiomegaly:0.31, Effusion:0.50, Infiltration:0.42, Mass:0.03, Nodule:0.00, Pneumonia:0.00, Pneumothorax:0.00, Consolidation:0.00, Edema:0.00, Emphysema:0.00, Fibrosis:0.00, Pleural_Thickening:0.00, Hernia:0.00 | Time: 7.57s
test | Loss: 0.3027 | AP: 0.2355 | AUROC: 0.7101 | F1: 0.10 | F1/class: Atelectasis:0.23, Cardiomegaly:0.26, Effusion:0.47, Infiltration:0.43, Mass:0.03, Nodule:0.00, Pneumonia:0.00, Pneumothorax:0.00, Consolidation:0.00, Edema:0.00, Emphysema:0.00, Fibrosis:0.00, Pleural_Thickening:0.00, Hernia:0.00 | Time: 15.30s

->> lr: 1.0000000000000004e-08

--------------------------------------------------
Epoch: 143 / 500
Train | Loss: 0.2524 | AP: 0.2611 | AUROC: 0.7555 | F1: 0.12 | F1/class: Atelectasis:0.29, Cardiomegaly:0.32, Effusion:0.52, Infiltration:0.46, Mass:0.04, Nodule:0.00, Pneumonia:0.00, Pneumothorax:0.00, Consolidation:0.00, Edema:0.00, Emphysema:0.00, Fibrosis:0.00, Pleural_Thickening:0.00, Hernia:0.00 | Time: 139.69s
Dev | Loss: 0.2611 | AP: 0.2384 | AUROC: 0.7193 | F1: 0.11 | F1/class: Atelectasis:0.30, Cardiomegaly:0.33, Effusion:0.52, Infiltration:0.40, Mass:0.03, Nodule:0.00, Pneumonia:0.00, Pneumothorax:0.00, Consolidation:0.00, Edema:0.00, Emphysema:0.00, Fibrosis:0.00, Pleural_Thickening:0.00, Hernia:0.00 | Time: 7.62s
test | Loss: 0.3024 | AP: 0.2358 | AUROC: 0.7111 | F1: 0.10 | F1/class: Atelectasis:0.22, Cardiomegaly:0.27, Effusion:0.49, Infiltration:0.42, Mass:0.02, Nodule:0.00, Pneumonia:0.00, Pneumothorax:0.00, Consolidation:0.00, Edema:0.00, Emphysema:0.00, Fibrosis:0.00, Pleural_Thickening:0.00, Hernia:0.00 | Time: 15.31s

->> lr: 1.0000000000000004e-08

--------------------------------------------------
Epoch: 144 / 500
Train | Loss: 0.2521 | AP: 0.2623 | AUROC: 0.7556 | F1: 0.12 | F1/class: Atelectasis:0.29, Cardiomegaly:0.32, Effusion:0.52, Infiltration:0.46, Mass:0.03, Nodule:0.00, Pneumonia:0.00, Pneumothorax:0.00, Consolidation:0.00, Edema:0.01, Emphysema:0.00, Fibrosis:0.00, Pleural_Thickening:0.00, Hernia:0.00 | Time: 136.68s
Dev | Loss: 0.2610 | AP: 0.2389 | AUROC: 0.7194 | F1: 0.11 | F1/class: Atelectasis:0.30, Cardiomegaly:0.31, Effusion:0.48, Infiltration:0.43, Mass:0.03, Nodule:0.00, Pneumonia:0.00, Pneumothorax:0.00, Consolidation:0.00, Edema:0.00, Emphysema:0.00, Fibrosis:0.00, Pleural_Thickening:0.00, Hernia:0.00 | Time: 7.51s
test | Loss: 0.3028 | AP: 0.2355 | AUROC: 0.7101 | F1: 0.10 | F1/class: Atelectasis:0.22, Cardiomegaly:0.26, Effusion:0.46, Infiltration:0.44, Mass:0.02, Nodule:0.00, Pneumonia:0.00, Pneumothorax:0.00, Consolidation:0.00, Edema:0.00, Emphysema:0.00, Fibrosis:0.00, Pleural_Thickening:0.00, Hernia:0.00 | Time: 15.33s

->> lr: 1.0000000000000004e-08

--------------------------------------------------
Epoch: 145 / 500
Train | Loss: 0.2523 | AP: 0.2611 | AUROC: 0.7560 | F1: 0.12 | F1/class: Atelectasis:0.28, Cardiomegaly:0.32, Effusion:0.52, Infiltration:0.46, Mass:0.03, Nodule:0.00, Pneumonia:0.00, Pneumothorax:0.00, Consolidation:0.00, Edema:0.00, Emphysema:0.00, Fibrosis:0.00, Pleural_Thickening:0.00, Hernia:0.00 | Time: 138.43s
Dev | Loss: 0.2609 | AP: 0.2388 | AUROC: 0.7195 | F1: 0.11 | F1/class: Atelectasis:0.29, Cardiomegaly:0.34, Effusion:0.49, Infiltration:0.42, Mass:0.03, Nodule:0.00, Pneumonia:0.00, Pneumothorax:0.00, Consolidation:0.00, Edema:0.00, Emphysema:0.00, Fibrosis:0.00, Pleural_Thickening:0.00, Hernia:0.00 | Time: 7.57s
test | Loss: 0.3023 | AP: 0.2358 | AUROC: 0.7105 | F1: 0.10 | F1/class: Atelectasis:0.21, Cardiomegaly:0.28, Effusion:0.47, Infiltration:0.44, Mass:0.02, Nodule:0.00, Pneumonia:0.00, Pneumothorax:0.00, Consolidation:0.00, Edema:0.00, Emphysema:0.00, Fibrosis:0.00, Pleural_Thickening:0.00, Hernia:0.00 | Time: 15.31s

->> lr: 1.0000000000000004e-08

--------------------------------------------------
Epoch: 146 / 500
Train | Loss: 0.2523 | AP: 0.2621 | AUROC: 0.7552 | F1: 0.12 | F1/class: Atelectasis:0.29, Cardiomegaly:0.34, Effusion:0.52, Infiltration:0.46, Mass:0.03, Nodule:0.00, Pneumonia:0.00, Pneumothorax:0.00, Consolidation:0.00, Edema:0.00, Emphysema:0.00, Fibrosis:0.00, Pleural_Thickening:0.00, Hernia:0.00 | Time: 138.15s
Dev | Loss: 0.2610 | AP: 0.2388 | AUROC: 0.7197 | F1: 0.11 | F1/class: Atelectasis:0.29, Cardiomegaly:0.32, Effusion:0.51, Infiltration:0.42, Mass:0.04, Nodule:0.00, Pneumonia:0.00, Pneumothorax:0.00, Consolidation:0.00, Edema:0.00, Emphysema:0.00, Fibrosis:0.00, Pleural_Thickening:0.00, Hernia:0.00 | Time: 7.55s
test | Loss: 0.3029 | AP: 0.2359 | AUROC: 0.7109 | F1: 0.10 | F1/class: Atelectasis:0.21, Cardiomegaly:0.26, Effusion:0.48, Infiltration:0.43, Mass:0.03, Nodule:0.00, Pneumonia:0.00, Pneumothorax:0.00, Consolidation:0.00, Edema:0.00, Emphysema:0.00, Fibrosis:0.00, Pleural_Thickening:0.00, Hernia:0.00 | Time: 15.32s

->> lr: 1.0000000000000004e-08

--------------------------------------------------
Epoch: 147 / 500
Train | Loss: 0.2524 | AP: 0.2617 | AUROC: 0.7556 | F1: 0.12 | F1/class: Atelectasis:0.28, Cardiomegaly:0.32, Effusion:0.52, Infiltration:0.46, Mass:0.03, Nodule:0.00, Pneumonia:0.00, Pneumothorax:0.00, Consolidation:0.00, Edema:0.00, Emphysema:0.00, Fibrosis:0.00, Pleural_Thickening:0.00, Hernia:0.00 | Time: 138.23s
Dev | Loss: 0.2609 | AP: 0.2388 | AUROC: 0.7196 | F1: 0.11 | F1/class: Atelectasis:0.28, Cardiomegaly:0.32, Effusion:0.50, Infiltration:0.42, Mass:0.03, Nodule:0.00, Pneumonia:0.00, Pneumothorax:0.00, Consolidation:0.00, Edema:0.01, Emphysema:0.00, Fibrosis:0.00, Pleural_Thickening:0.00, Hernia:0.00 | Time: 7.52s
test | Loss: 0.3029 | AP: 0.2355 | AUROC: 0.7104 | F1: 0.10 | F1/class: Atelectasis:0.21, Cardiomegaly:0.26, Effusion:0.48, Infiltration:0.44, Mass:0.02, Nodule:0.00, Pneumonia:0.00, Pneumothorax:0.00, Consolidation:0.00, Edema:0.00, Emphysema:0.00, Fibrosis:0.00, Pleural_Thickening:0.00, Hernia:0.00 | Time: 15.32s

->> lr: 1.0000000000000004e-08

--------------------------------------------------
Epoch: 148 / 500
Train | Loss: 0.2522 | AP: 0.2626 | AUROC: 0.7562 | F1: 0.12 | F1/class: Atelectasis:0.29, Cardiomegaly:0.32, Effusion:0.53, Infiltration:0.46, Mass:0.04, Nodule:0.00, Pneumonia:0.00, Pneumothorax:0.00, Consolidation:0.00, Edema:0.00, Emphysema:0.00, Fibrosis:0.00, Pleural_Thickening:0.00, Hernia:0.00 | Time: 137.81s
Dev | Loss: 0.2610 | AP: 0.2387 | AUROC: 0.7196 | F1: 0.11 | F1/class: Atelectasis:0.30, Cardiomegaly:0.33, Effusion:0.50, Infiltration:0.41, Mass:0.04, Nodule:0.00, Pneumonia:0.00, Pneumothorax:0.00, Consolidation:0.00, Edema:0.00, Emphysema:0.00, Fibrosis:0.00, Pleural_Thickening:0.00, Hernia:0.00 | Time: 7.64s
test | Loss: 0.3027 | AP: 0.2358 | AUROC: 0.7107 | F1: 0.10 | F1/class: Atelectasis:0.22, Cardiomegaly:0.28, Effusion:0.48, Infiltration:0.43, Mass:0.03, Nodule:0.00, Pneumonia:0.00, Pneumothorax:0.00, Consolidation:0.00, Edema:0.00, Emphysema:0.00, Fibrosis:0.00, Pleural_Thickening:0.00, Hernia:0.00 | Time: 15.27s

->> lr: 1.0000000000000004e-08

--------------------------------------------------
Epoch: 149 / 500
Train | Loss: 0.2523 | AP: 0.2611 | AUROC: 0.7559 | F1: 0.11 | F1/class: Atelectasis:0.28, Cardiomegaly:0.31, Effusion:0.52, Infiltration:0.46, Mass:0.03, Nodule:0.00, Pneumonia:0.00, Pneumothorax:0.00, Consolidation:0.00, Edema:0.00, Emphysema:0.00, Fibrosis:0.00, Pleural_Thickening:0.00, Hernia:0.00 | Time: 141.14s
Dev | Loss: 0.2609 | AP: 0.2390 | AUROC: 0.7196 | F1: 0.11 | F1/class: Atelectasis:0.26, Cardiomegaly:0.32, Effusion:0.50, Infiltration:0.41, Mass:0.04, Nodule:0.00, Pneumonia:0.00, Pneumothorax:0.00, Consolidation:0.00, Edema:0.00, Emphysema:0.00, Fibrosis:0.00, Pleural_Thickening:0.00, Hernia:0.00 | Time: 7.60s
test | Loss: 0.3025 | AP: 0.2356 | AUROC: 0.7100 | F1: 0.10 | F1/class: Atelectasis:0.19, Cardiomegaly:0.26, Effusion:0.48, Infiltration:0.43, Mass:0.03, Nodule:0.00, Pneumonia:0.00, Pneumothorax:0.00, Consolidation:0.00, Edema:0.00, Emphysema:0.00, Fibrosis:0.00, Pleural_Thickening:0.00, Hernia:0.00 | Time: 15.33s

->> lr: 1.0000000000000004e-08

--------------------------------------------------
Epoch: 150 / 500
Train | Loss: 0.2522 | AP: 0.2619 | AUROC: 0.7549 | F1: 0.12 | F1/class: Atelectasis:0.28, Cardiomegaly:0.32, Effusion:0.52, Infiltration:0.46, Mass:0.04, Nodule:0.00, Pneumonia:0.00, Pneumothorax:0.00, Consolidation:0.00, Edema:0.00, Emphysema:0.00, Fibrosis:0.00, Pleural_Thickening:0.00, Hernia:0.00 | Time: 134.70s
Dev | Loss: 0.2610 | AP: 0.2393 | AUROC: 0.7191 | F1: 0.11 | F1/class: Atelectasis:0.28, Cardiomegaly:0.31, Effusion:0.49, Infiltration:0.42, Mass:0.04, Nodule:0.00, Pneumonia:0.00, Pneumothorax:0.00, Consolidation:0.00, Edema:0.00, Emphysema:0.00, Fibrosis:0.00, Pleural_Thickening:0.00, Hernia:0.00 | Time: 7.58s
test | Loss: 0.3028 | AP: 0.2351 | AUROC: 0.7095 | F1: 0.10 | F1/class: Atelectasis:0.21, Cardiomegaly:0.25, Effusion:0.47, Infiltration:0.42, Mass:0.03, Nodule:0.00, Pneumonia:0.00, Pneumothorax:0.00, Consolidation:0.00, Edema:0.00, Emphysema:0.00, Fibrosis:0.00, Pleural_Thickening:0.00, Hernia:0.00 | Time: 15.32s

->> lr: 1.0000000000000004e-08

--------------------------------------------------
Epoch: 151 / 500
Train | Loss: 0.2524 | AP: 0.2620 | AUROC: 0.7540 | F1: 0.12 | F1/class: Atelectasis:0.28, Cardiomegaly:0.33, Effusion:0.52, Infiltration:0.46, Mass:0.03, Nodule:0.00, Pneumonia:0.00, Pneumothorax:0.00, Consolidation:0.00, Edema:0.00, Emphysema:0.00, Fibrosis:0.00, Pleural_Thickening:0.00, Hernia:0.00 | Time: 138.87s
Dev | Loss: 0.2610 | AP: 0.2389 | AUROC: 0.7194 | F1: 0.11 | F1/class: Atelectasis:0.30, Cardiomegaly:0.33, Effusion:0.49, Infiltration:0.41, Mass:0.03, Nodule:0.00, Pneumonia:0.00, Pneumothorax:0.00, Consolidation:0.00, Edema:0.00, Emphysema:0.00, Fibrosis:0.00, Pleural_Thickening:0.00, Hernia:0.00 | Time: 7.53s
test | Loss: 0.3023 | AP: 0.2355 | AUROC: 0.7105 | F1: 0.10 | F1/class: Atelectasis:0.22, Cardiomegaly:0.28, Effusion:0.47, Infiltration:0.43, Mass:0.02, Nodule:0.00, Pneumonia:0.00, Pneumothorax:0.00, Consolidation:0.00, Edema:0.00, Emphysema:0.00, Fibrosis:0.00, Pleural_Thickening:0.00, Hernia:0.00 | Time: 15.26s

->> lr: 1.0000000000000004e-08

--------------------------------------------------
Epoch: 152 / 500
Train | Loss: 0.2524 | AP: 0.2618 | AUROC: 0.7548 | F1: 0.12 | F1/class: Atelectasis:0.29, Cardiomegaly:0.32, Effusion:0.52, Infiltration:0.46, Mass:0.03, Nodule:0.00, Pneumonia:0.00, Pneumothorax:0.00, Consolidation:0.00, Edema:0.00, Emphysema:0.00, Fibrosis:0.00, Pleural_Thickening:0.00, Hernia:0.00 | Time: 139.57s
Dev | Loss: 0.2610 | AP: 0.2390 | AUROC: 0.7195 | F1: 0.11 | F1/class: Atelectasis:0.28, Cardiomegaly:0.33, Effusion:0.49, Infiltration:0.42, Mass:0.03, Nodule:0.00, Pneumonia:0.00, Pneumothorax:0.00, Consolidation:0.00, Edema:0.00, Emphysema:0.00, Fibrosis:0.00, Pleural_Thickening:0.00, Hernia:0.00 | Time: 7.57s
test | Loss: 0.3026 | AP: 0.2353 | AUROC: 0.7100 | F1: 0.10 | F1/class: Atelectasis:0.21, Cardiomegaly:0.28, Effusion:0.47, Infiltration:0.43, Mass:0.02, Nodule:0.00, Pneumonia:0.00, Pneumothorax:0.00, Consolidation:0.00, Edema:0.00, Emphysema:0.00, Fibrosis:0.00, Pleural_Thickening:0.00, Hernia:0.00 | Time: 15.33s

->> lr: 1.0000000000000004e-08

--------------------------------------------------
Epoch: 153 / 500
Train | Loss: 0.2523 | AP: 0.2619 | AUROC: 0.7550 | F1: 0.12 | F1/class: Atelectasis:0.29, Cardiomegaly:0.32, Effusion:0.53, Infiltration:0.45, Mass:0.03, Nodule:0.00, Pneumonia:0.00, Pneumothorax:0.00, Consolidation:0.00, Edema:0.00, Emphysema:0.00, Fibrosis:0.00, Pleural_Thickening:0.00, Hernia:0.00 | Time: 140.88s
Dev | Loss: 0.2610 | AP: 0.2392 | AUROC: 0.7190 | F1: 0.11 | F1/class: Atelectasis:0.28, Cardiomegaly:0.32, Effusion:0.49, Infiltration:0.43, Mass:0.04, Nodule:0.00, Pneumonia:0.00, Pneumothorax:0.00, Consolidation:0.00, Edema:0.00, Emphysema:0.00, Fibrosis:0.00, Pleural_Thickening:0.00, Hernia:0.00 | Time: 7.58s
test | Loss: 0.3029 | AP: 0.2350 | AUROC: 0.7095 | F1: 0.10 | F1/class: Atelectasis:0.21, Cardiomegaly:0.27, Effusion:0.47, Infiltration:0.43, Mass:0.02, Nodule:0.00, Pneumonia:0.00, Pneumothorax:0.00, Consolidation:0.00, Edema:0.00, Emphysema:0.00, Fibrosis:0.00, Pleural_Thickening:0.00, Hernia:0.00 | Time: 15.30s

->> lr: 1.0000000000000004e-08

--------------------------------------------------
Epoch: 154 / 500
Train | Loss: 0.2522 | AP: 0.2633 | AUROC: 0.7566 | F1: 0.12 | F1/class: Atelectasis:0.29, Cardiomegaly:0.33, Effusion:0.52, Infiltration:0.46, Mass:0.03, Nodule:0.00, Pneumonia:0.00, Pneumothorax:0.00, Consolidation:0.00, Edema:0.00, Emphysema:0.00, Fibrosis:0.00, Pleural_Thickening:0.00, Hernia:0.00 | Time: 144.07s
Dev | Loss: 0.2610 | AP: 0.2388 | AUROC: 0.7192 | F1: 0.11 | F1/class: Atelectasis:0.31, Cardiomegaly:0.32, Effusion:0.50, Infiltration:0.42, Mass:0.04, Nodule:0.00, Pneumonia:0.00, Pneumothorax:0.00, Consolidation:0.00, Edema:0.00, Emphysema:0.00, Fibrosis:0.00, Pleural_Thickening:0.00, Hernia:0.00 | Time: 7.61s
test | Loss: 0.3028 | AP: 0.2356 | AUROC: 0.7103 | F1: 0.10 | F1/class: Atelectasis:0.23, Cardiomegaly:0.26, Effusion:0.48, Infiltration:0.43, Mass:0.03, Nodule:0.00, Pneumonia:0.00, Pneumothorax:0.00, Consolidation:0.00, Edema:0.00, Emphysema:0.00, Fibrosis:0.00, Pleural_Thickening:0.00, Hernia:0.00 | Time: 15.35s

->> lr: 1.0000000000000004e-08

--------------------------------------------------
Epoch: 155 / 500
Train | Loss: 0.2523 | AP: 0.2621 | AUROC: 0.7561 | F1: 0.12 | F1/class: Atelectasis:0.29, Cardiomegaly:0.32, Effusion:0.53, Infiltration:0.46, Mass:0.03, Nodule:0.00, Pneumonia:0.00, Pneumothorax:0.00, Consolidation:0.00, Edema:0.00, Emphysema:0.00, Fibrosis:0.00, Pleural_Thickening:0.00, Hernia:0.00 | Time: 135.45s
Dev | Loss: 0.2611 | AP: 0.2388 | AUROC: 0.7192 | F1: 0.11 | F1/class: Atelectasis:0.28, Cardiomegaly:0.33, Effusion:0.48, Infiltration:0.42, Mass:0.03, Nodule:0.00, Pneumonia:0.00, Pneumothorax:0.00, Consolidation:0.00, Edema:0.00, Emphysema:0.00, Fibrosis:0.00, Pleural_Thickening:0.00, Hernia:0.00 | Time: 7.70s
test | Loss: 0.3028 | AP: 0.2353 | AUROC: 0.7096 | F1: 0.10 | F1/class: Atelectasis:0.21, Cardiomegaly:0.28, Effusion:0.45, Infiltration:0.44, Mass:0.02, Nodule:0.00, Pneumonia:0.00, Pneumothorax:0.00, Consolidation:0.00, Edema:0.00, Emphysema:0.00, Fibrosis:0.00, Pleural_Thickening:0.00, Hernia:0.00 | Time: 15.30s

->> lr: 1.0000000000000004e-08

--------------------------------------------------
Epoch: 156 / 500
Train | Loss: 0.2522 | AP: 0.2629 | AUROC: 0.7557 | F1: 0.12 | F1/class: Atelectasis:0.29, Cardiomegaly:0.32, Effusion:0.52, Infiltration:0.45, Mass:0.04, Nodule:0.00, Pneumonia:0.00, Pneumothorax:0.00, Consolidation:0.00, Edema:0.00, Emphysema:0.00, Fibrosis:0.00, Pleural_Thickening:0.00, Hernia:0.00 | Time: 135.64s
Dev | Loss: 0.2610 | AP: 0.2386 | AUROC: 0.7196 | F1: 0.11 | F1/class: Atelectasis:0.27, Cardiomegaly:0.34, Effusion:0.51, Infiltration:0.42, Mass:0.04, Nodule:0.00, Pneumonia:0.00, Pneumothorax:0.00, Consolidation:0.00, Edema:0.00, Emphysema:0.00, Fibrosis:0.00, Pleural_Thickening:0.00, Hernia:0.00 | Time: 7.53s
test | Loss: 0.3023 | AP: 0.2359 | AUROC: 0.7111 | F1: 0.10 | F1/class: Atelectasis:0.20, Cardiomegaly:0.27, Effusion:0.49, Infiltration:0.43, Mass:0.03, Nodule:0.00, Pneumonia:0.00, Pneumothorax:0.00, Consolidation:0.00, Edema:0.00, Emphysema:0.00, Fibrosis:0.00, Pleural_Thickening:0.00, Hernia:0.00 | Time: 15.33s

->> lr: 1.0000000000000004e-08

--------------------------------------------------
Epoch: 157 / 500
Train | Loss: 0.2522 | AP: 0.2621 | AUROC: 0.7559 | F1: 0.12 | F1/class: Atelectasis:0.29, Cardiomegaly:0.31, Effusion:0.52, Infiltration:0.46, Mass:0.03, Nodule:0.00, Pneumonia:0.00, Pneumothorax:0.00, Consolidation:0.00, Edema:0.00, Emphysema:0.00, Fibrosis:0.00, Pleural_Thickening:0.00, Hernia:0.00 | Time: 139.40s
Dev | Loss: 0.2610 | AP: 0.2386 | AUROC: 0.7195 | F1: 0.11 | F1/class: Atelectasis:0.30, Cardiomegaly:0.33, Effusion:0.50, Infiltration:0.42, Mass:0.03, Nodule:0.00, Pneumonia:0.00, Pneumothorax:0.00, Consolidation:0.00, Edema:0.00, Emphysema:0.00, Fibrosis:0.00, Pleural_Thickening:0.00, Hernia:0.00 | Time: 7.53s
test | Loss: 0.3030 | AP: 0.2356 | AUROC: 0.7107 | F1: 0.10 | F1/class: Atelectasis:0.22, Cardiomegaly:0.27, Effusion:0.48, Infiltration:0.43, Mass:0.02, Nodule:0.00, Pneumonia:0.00, Pneumothorax:0.00, Consolidation:0.00, Edema:0.00, Emphysema:0.00, Fibrosis:0.00, Pleural_Thickening:0.00, Hernia:0.00 | Time: 15.27s

->> lr: 1.0000000000000004e-08

--------------------------------------------------
Epoch: 158 / 500
Train | Loss: 0.2523 | AP: 0.2622 | AUROC: 0.7555 | F1: 0.12 | F1/class: Atelectasis:0.29, Cardiomegaly:0.32, Effusion:0.52, Infiltration:0.46, Mass:0.03, Nodule:0.00, Pneumonia:0.00, Pneumothorax:0.00, Consolidation:0.00, Edema:0.00, Emphysema:0.00, Fibrosis:0.00, Pleural_Thickening:0.00, Hernia:0.00 | Time: 136.10s
Dev | Loss: 0.2610 | AP: 0.2391 | AUROC: 0.7192 | F1: 0.11 | F1/class: Atelectasis:0.27, Cardiomegaly:0.31, Effusion:0.48, Infiltration:0.42, Mass:0.04, Nodule:0.00, Pneumonia:0.00, Pneumothorax:0.00, Consolidation:0.00, Edema:0.00, Emphysema:0.00, Fibrosis:0.00, Pleural_Thickening:0.00, Hernia:0.00 | Time: 7.57s
test | Loss: 0.3024 | AP: 0.2354 | AUROC: 0.7099 | F1: 0.10 | F1/class: Atelectasis:0.21, Cardiomegaly:0.27, Effusion:0.46, Infiltration:0.42, Mass:0.03, Nodule:0.00, Pneumonia:0.00, Pneumothorax:0.00, Consolidation:0.00, Edema:0.00, Emphysema:0.00, Fibrosis:0.00, Pleural_Thickening:0.00, Hernia:0.00 | Time: 15.31s

->> lr: 1.0000000000000004e-08

--------------------------------------------------
Epoch: 159 / 500
Train | Loss: 0.2523 | AP: 0.2623 | AUROC: 0.7560 | F1: 0.12 | F1/class: Atelectasis:0.28, Cardiomegaly:0.32, Effusion:0.52, Infiltration:0.46, Mass:0.03, Nodule:0.00, Pneumonia:0.00, Pneumothorax:0.00, Consolidation:0.00, Edema:0.00, Emphysema:0.00, Fibrosis:0.00, Pleural_Thickening:0.00, Hernia:0.00 | Time: 136.49s
Dev | Loss: 0.2609 | AP: 0.2389 | AUROC: 0.7197 | F1: 0.11 | F1/class: Atelectasis:0.26, Cardiomegaly:0.32, Effusion:0.48, Infiltration:0.43, Mass:0.03, Nodule:0.00, Pneumonia:0.00, Pneumothorax:0.00, Consolidation:0.00, Edema:0.00, Emphysema:0.00, Fibrosis:0.00, Pleural_Thickening:0.00, Hernia:0.00 | Time: 7.56s
test | Loss: 0.3027 | AP: 0.2354 | AUROC: 0.7100 | F1: 0.10 | F1/class: Atelectasis:0.20, Cardiomegaly:0.26, Effusion:0.46, Infiltration:0.44, Mass:0.02, Nodule:0.00, Pneumonia:0.00, Pneumothorax:0.00, Consolidation:0.00, Edema:0.00, Emphysema:0.00, Fibrosis:0.00, Pleural_Thickening:0.00, Hernia:0.00 | Time: 15.31s

->> lr: 1.0000000000000004e-08

--------------------------------------------------
Epoch: 160 / 500
Train | Loss: 0.2522 | AP: 0.2623 | AUROC: 0.7561 | F1: 0.11 | F1/class: Atelectasis:0.29, Cardiomegaly:0.32, Effusion:0.52, Infiltration:0.45, Mass:0.03, Nodule:0.00, Pneumonia:0.00, Pneumothorax:0.00, Consolidation:0.00, Edema:0.00, Emphysema:0.00, Fibrosis:0.00, Pleural_Thickening:0.00, Hernia:0.00 | Time: 139.31s
Dev | Loss: 0.2610 | AP: 0.2388 | AUROC: 0.7194 | F1: 0.11 | F1/class: Atelectasis:0.28, Cardiomegaly:0.33, Effusion:0.47, Infiltration:0.41, Mass:0.04, Nodule:0.00, Pneumonia:0.00, Pneumothorax:0.00, Consolidation:0.00, Edema:0.00, Emphysema:0.00, Fibrosis:0.00, Pleural_Thickening:0.00, Hernia:0.00 | Time: 7.60s
test | Loss: 0.3022 | AP: 0.2357 | AUROC: 0.7103 | F1: 0.10 | F1/class: Atelectasis:0.21, Cardiomegaly:0.28, Effusion:0.45, Infiltration:0.43, Mass:0.03, Nodule:0.00, Pneumonia:0.00, Pneumothorax:0.00, Consolidation:0.00, Edema:0.00, Emphysema:0.00, Fibrosis:0.00, Pleural_Thickening:0.00, Hernia:0.00 | Time: 15.29s

->> lr: 1.0000000000000004e-08

--------------------------------------------------
Epoch: 161 / 500
Train | Loss: 0.2522 | AP: 0.2614 | AUROC: 0.7562 | F1: 0.12 | F1/class: Atelectasis:0.28, Cardiomegaly:0.33, Effusion:0.53, Infiltration:0.46, Mass:0.03, Nodule:0.00, Pneumonia:0.00, Pneumothorax:0.00, Consolidation:0.00, Edema:0.00, Emphysema:0.00, Fibrosis:0.00, Pleural_Thickening:0.00, Hernia:0.00 | Time: 142.03s
Dev | Loss: 0.2610 | AP: 0.2387 | AUROC: 0.7195 | F1: 0.11 | F1/class: Atelectasis:0.30, Cardiomegaly:0.33, Effusion:0.50, Infiltration:0.43, Mass:0.03, Nodule:0.00, Pneumonia:0.00, Pneumothorax:0.00, Consolidation:0.00, Edema:0.00, Emphysema:0.00, Fibrosis:0.00, Pleural_Thickening:0.00, Hernia:0.00 | Time: 7.56s
test | Loss: 0.3029 | AP: 0.2354 | AUROC: 0.7103 | F1: 0.10 | F1/class: Atelectasis:0.22, Cardiomegaly:0.27, Effusion:0.47, Infiltration:0.44, Mass:0.02, Nodule:0.00, Pneumonia:0.00, Pneumothorax:0.00, Consolidation:0.00, Edema:0.00, Emphysema:0.00, Fibrosis:0.00, Pleural_Thickening:0.00, Hernia:0.00 | Time: 15.32s

->> lr: 1.0000000000000004e-08

--------------------------------------------------
Epoch: 162 / 500
Train | Loss: 0.2522 | AP: 0.2622 | AUROC: 0.7553 | F1: 0.12 | F1/class: Atelectasis:0.29, Cardiomegaly:0.32, Effusion:0.52, Infiltration:0.46, Mass:0.03, Nodule:0.00, Pneumonia:0.00, Pneumothorax:0.00, Consolidation:0.00, Edema:0.00, Emphysema:0.00, Fibrosis:0.00, Pleural_Thickening:0.00, Hernia:0.00 | Time: 136.62s
Dev | Loss: 0.2610 | AP: 0.2387 | AUROC: 0.7193 | F1: 0.11 | F1/class: Atelectasis:0.29, Cardiomegaly:0.33, Effusion:0.49, Infiltration:0.40, Mass:0.04, Nodule:0.00, Pneumonia:0.00, Pneumothorax:0.00, Consolidation:0.00, Edema:0.00, Emphysema:0.00, Fibrosis:0.00, Pleural_Thickening:0.00, Hernia:0.00 | Time: 7.58s
test | Loss: 0.3022 | AP: 0.2359 | AUROC: 0.7109 | F1: 0.10 | F1/class: Atelectasis:0.22, Cardiomegaly:0.28, Effusion:0.47, Infiltration:0.42, Mass:0.03, Nodule:0.00, Pneumonia:0.00, Pneumothorax:0.00, Consolidation:0.00, Edema:0.00, Emphysema:0.00, Fibrosis:0.00, Pleural_Thickening:0.00, Hernia:0.00 | Time: 15.32s

->> lr: 1.0000000000000004e-08

--------------------------------------------------
Epoch: 163 / 500
Train | Loss: 0.2524 | AP: 0.2618 | AUROC: 0.7556 | F1: 0.12 | F1/class: Atelectasis:0.28, Cardiomegaly:0.34, Effusion:0.52, Infiltration:0.46, Mass:0.03, Nodule:0.00, Pneumonia:0.00, Pneumothorax:0.00, Consolidation:0.00, Edema:0.00, Emphysema:0.00, Fibrosis:0.00, Pleural_Thickening:0.00, Hernia:0.00 | Time: 137.35s
Dev | Loss: 0.2612 | AP: 0.2385 | AUROC: 0.7194 | F1: 0.11 | F1/class: Atelectasis:0.30, Cardiomegaly:0.33, Effusion:0.49, Infiltration:0.44, Mass:0.03, Nodule:0.00, Pneumonia:0.00, Pneumothorax:0.00, Consolidation:0.00, Edema:0.00, Emphysema:0.00, Fibrosis:0.00, Pleural_Thickening:0.00, Hernia:0.00 | Time: 7.52s
test | Loss: 0.3030 | AP: 0.2355 | AUROC: 0.7104 | F1: 0.10 | F1/class: Atelectasis:0.23, Cardiomegaly:0.28, Effusion:0.47, Infiltration:0.45, Mass:0.02, Nodule:0.00, Pneumonia:0.00, Pneumothorax:0.00, Consolidation:0.00, Edema:0.00, Emphysema:0.00, Fibrosis:0.00, Pleural_Thickening:0.00, Hernia:0.00 | Time: 15.31s

->> lr: 1.0000000000000004e-08

--------------------------------------------------
Epoch: 164 / 500
Train | Loss: 0.2520 | AP: 0.2634 | AUROC: 0.7559 | F1: 0.12 | F1/class: Atelectasis:0.28, Cardiomegaly:0.32, Effusion:0.53, Infiltration:0.46, Mass:0.03, Nodule:0.00, Pneumonia:0.00, Pneumothorax:0.00, Consolidation:0.00, Edema:0.00, Emphysema:0.00, Fibrosis:0.00, Pleural_Thickening:0.00, Hernia:0.00 | Time: 140.57s
Dev | Loss: 0.2611 | AP: 0.2384 | AUROC: 0.7197 | F1: 0.11 | F1/class: Atelectasis:0.29, Cardiomegaly:0.33, Effusion:0.51, Infiltration:0.43, Mass:0.03, Nodule:0.00, Pneumonia:0.00, Pneumothorax:0.00, Consolidation:0.00, Edema:0.00, Emphysema:0.00, Fibrosis:0.00, Pleural_Thickening:0.00, Hernia:0.00 | Time: 7.57s
test | Loss: 0.3029 | AP: 0.2358 | AUROC: 0.7109 | F1: 0.10 | F1/class: Atelectasis:0.21, Cardiomegaly:0.27, Effusion:0.49, Infiltration:0.45, Mass:0.02, Nodule:0.00, Pneumonia:0.00, Pneumothorax:0.00, Consolidation:0.00, Edema:0.00, Emphysema:0.00, Fibrosis:0.00, Pleural_Thickening:0.00, Hernia:0.00 | Time: 15.33s

->> lr: 1.0000000000000004e-08

--------------------------------------------------
Epoch: 165 / 500
Train | Loss: 0.2523 | AP: 0.2628 | AUROC: 0.7553 | F1: 0.12 | F1/class: Atelectasis:0.29, Cardiomegaly:0.33, Effusion:0.52, Infiltration:0.45, Mass:0.03, Nodule:0.00, Pneumonia:0.00, Pneumothorax:0.00, Consolidation:0.00, Edema:0.00, Emphysema:0.00, Fibrosis:0.00, Pleural_Thickening:0.00, Hernia:0.00 | Time: 139.68s
Dev | Loss: 0.2609 | AP: 0.2388 | AUROC: 0.7194 | F1: 0.11 | F1/class: Atelectasis:0.28, Cardiomegaly:0.31, Effusion:0.50, Infiltration:0.41, Mass:0.04, Nodule:0.00, Pneumonia:0.00, Pneumothorax:0.00, Consolidation:0.00, Edema:0.00, Emphysema:0.00, Fibrosis:0.00, Pleural_Thickening:0.00, Hernia:0.00 | Time: 7.58s
test | Loss: 0.3023 | AP: 0.2359 | AUROC: 0.7106 | F1: 0.10 | F1/class: Atelectasis:0.21, Cardiomegaly:0.26, Effusion:0.48, Infiltration:0.42, Mass:0.03, Nodule:0.00, Pneumonia:0.00, Pneumothorax:0.00, Consolidation:0.00, Edema:0.00, Emphysema:0.00, Fibrosis:0.00, Pleural_Thickening:0.00, Hernia:0.00 | Time: 15.30s

->> lr: 1.0000000000000004e-08

--------------------------------------------------
Epoch: 166 / 500
Train | Loss: 0.2522 | AP: 0.2624 | AUROC: 0.7564 | F1: 0.12 | F1/class: Atelectasis:0.29, Cardiomegaly:0.33, Effusion:0.52, Infiltration:0.46, Mass:0.03, Nodule:0.00, Pneumonia:0.00, Pneumothorax:0.00, Consolidation:0.00, Edema:0.00, Emphysema:0.00, Fibrosis:0.00, Pleural_Thickening:0.00, Hernia:0.00 | Time: 141.92s
Dev | Loss: 0.2609 | AP: 0.2388 | AUROC: 0.7194 | F1: 0.11 | F1/class: Atelectasis:0.30, Cardiomegaly:0.32, Effusion:0.49, Infiltration:0.42, Mass:0.04, Nodule:0.00, Pneumonia:0.00, Pneumothorax:0.00, Consolidation:0.00, Edema:0.00, Emphysema:0.00, Fibrosis:0.00, Pleural_Thickening:0.00, Hernia:0.00 | Time: 7.57s
test | Loss: 0.3025 | AP: 0.2357 | AUROC: 0.7105 | F1: 0.10 | F1/class: Atelectasis:0.22, Cardiomegaly:0.26, Effusion:0.47, Infiltration:0.43, Mass:0.03, Nodule:0.00, Pneumonia:0.00, Pneumothorax:0.00, Consolidation:0.00, Edema:0.00, Emphysema:0.00, Fibrosis:0.00, Pleural_Thickening:0.00, Hernia:0.00 | Time: 15.24s

->> lr: 1.0000000000000004e-08

--------------------------------------------------
Epoch: 167 / 500
Train | Loss: 0.2522 | AP: 0.2622 | AUROC: 0.7565 | F1: 0.12 | F1/class: Atelectasis:0.29, Cardiomegaly:0.31, Effusion:0.52, Infiltration:0.46, Mass:0.03, Nodule:0.00, Pneumonia:0.00, Pneumothorax:0.00, Consolidation:0.00, Edema:0.00, Emphysema:0.00, Fibrosis:0.00, Pleural_Thickening:0.00, Hernia:0.00 | Time: 140.47s
Dev | Loss: 0.2610 | AP: 0.2391 | AUROC: 0.7191 | F1: 0.11 | F1/class: Atelectasis:0.29, Cardiomegaly:0.32, Effusion:0.48, Infiltration:0.42, Mass:0.03, Nodule:0.00, Pneumonia:0.00, Pneumothorax:0.00, Consolidation:0.00, Edema:0.00, Emphysema:0.00, Fibrosis:0.00, Pleural_Thickening:0.00, Hernia:0.00 | Time: 7.58s
test | Loss: 0.3023 | AP: 0.2354 | AUROC: 0.7099 | F1: 0.10 | F1/class: Atelectasis:0.22, Cardiomegaly:0.27, Effusion:0.46, Infiltration:0.42, Mass:0.02, Nodule:0.00, Pneumonia:0.00, Pneumothorax:0.00, Consolidation:0.00, Edema:0.00, Emphysema:0.00, Fibrosis:0.00, Pleural_Thickening:0.00, Hernia:0.00 | Time: 15.29s

->> lr: 1.0000000000000004e-08

--------------------------------------------------
Epoch: 168 / 500
Train | Loss: 0.2523 | AP: 0.2622 | AUROC: 0.7566 | F1: 0.12 | F1/class: Atelectasis:0.28, Cardiomegaly:0.32, Effusion:0.52, Infiltration:0.46, Mass:0.03, Nodule:0.00, Pneumonia:0.00, Pneumothorax:0.00, Consolidation:0.00, Edema:0.00, Emphysema:0.00, Fibrosis:0.00, Pleural_Thickening:0.00, Hernia:0.00 | Time: 144.00s
Dev | Loss: 0.2610 | AP: 0.2387 | AUROC: 0.7196 | F1: 0.11 | F1/class: Atelectasis:0.26, Cardiomegaly:0.33, Effusion:0.52, Infiltration:0.42, Mass:0.04, Nodule:0.00, Pneumonia:0.00, Pneumothorax:0.00, Consolidation:0.00, Edema:0.00, Emphysema:0.00, Fibrosis:0.00, Pleural_Thickening:0.00, Hernia:0.00 | Time: 7.59s
test | Loss: 0.3027 | AP: 0.2357 | AUROC: 0.7108 | F1: 0.10 | F1/class: Atelectasis:0.19, Cardiomegaly:0.27, Effusion:0.50, Infiltration:0.43, Mass:0.02, Nodule:0.00, Pneumonia:0.00, Pneumothorax:0.00, Consolidation:0.00, Edema:0.00, Emphysema:0.00, Fibrosis:0.00, Pleural_Thickening:0.00, Hernia:0.00 | Time: 15.30s

->> lr: 1.0000000000000004e-08

--------------------------------------------------
Epoch: 169 / 500
Train | Loss: 0.2521 | AP: 0.2629 | AUROC: 0.7553 | F1: 0.12 | F1/class: Atelectasis:0.29, Cardiomegaly:0.31, Effusion:0.53, Infiltration:0.46, Mass:0.04, Nodule:0.00, Pneumonia:0.00, Pneumothorax:0.00, Consolidation:0.00, Edema:0.00, Emphysema:0.00, Fibrosis:0.00, Pleural_Thickening:0.00, Hernia:0.00 | Time: 132.42s
Dev | Loss: 0.2610 | AP: 0.2389 | AUROC: 0.7195 | F1: 0.11 | F1/class: Atelectasis:0.27, Cardiomegaly:0.33, Effusion:0.49, Infiltration:0.43, Mass:0.03, Nodule:0.00, Pneumonia:0.00, Pneumothorax:0.00, Consolidation:0.00, Edema:0.00, Emphysema:0.00, Fibrosis:0.00, Pleural_Thickening:0.00, Hernia:0.00 | Time: 7.55s
test | Loss: 0.3026 | AP: 0.2356 | AUROC: 0.7101 | F1: 0.10 | F1/class: Atelectasis:0.21, Cardiomegaly:0.27, Effusion:0.47, Infiltration:0.44, Mass:0.02, Nodule:0.00, Pneumonia:0.00, Pneumothorax:0.00, Consolidation:0.00, Edema:0.00, Emphysema:0.00, Fibrosis:0.00, Pleural_Thickening:0.00, Hernia:0.00 | Time: 15.30s

->> lr: 1.0000000000000004e-08

--------------------------------------------------
Epoch: 170 / 500
Train | Loss: 0.2522 | AP: 0.2629 | AUROC: 0.7559 | F1: 0.12 | F1/class: Atelectasis:0.29, Cardiomegaly:0.32, Effusion:0.52, Infiltration:0.46, Mass:0.04, Nodule:0.00, Pneumonia:0.00, Pneumothorax:0.00, Consolidation:0.00, Edema:0.00, Emphysema:0.00, Fibrosis:0.00, Pleural_Thickening:0.00, Hernia:0.00 | Time: 136.66s
Dev | Loss: 0.2609 | AP: 0.2388 | AUROC: 0.7196 | F1: 0.11 | F1/class: Atelectasis:0.28, Cardiomegaly:0.31, Effusion:0.49, Infiltration:0.41, Mass:0.04, Nodule:0.00, Pneumonia:0.00, Pneumothorax:0.00, Consolidation:0.00, Edema:0.00, Emphysema:0.00, Fibrosis:0.00, Pleural_Thickening:0.00, Hernia:0.00 | Time: 7.62s
test | Loss: 0.3023 | AP: 0.2357 | AUROC: 0.7104 | F1: 0.10 | F1/class: Atelectasis:0.21, Cardiomegaly:0.26, Effusion:0.47, Infiltration:0.42, Mass:0.03, Nodule:0.00, Pneumonia:0.00, Pneumothorax:0.00, Consolidation:0.00, Edema:0.00, Emphysema:0.00, Fibrosis:0.00, Pleural_Thickening:0.00, Hernia:0.00 | Time: 15.27s

->> lr: 1.0000000000000004e-08

--------------------------------------------------
Epoch: 171 / 500
Train | Loss: 0.2522 | AP: 0.2621 | AUROC: 0.7551 | F1: 0.12 | F1/class: Atelectasis:0.29, Cardiomegaly:0.33, Effusion:0.52, Infiltration:0.46, Mass:0.03, Nodule:0.00, Pneumonia:0.00, Pneumothorax:0.00, Consolidation:0.00, Edema:0.00, Emphysema:0.00, Fibrosis:0.00, Pleural_Thickening:0.00, Hernia:0.00 | Time: 137.89s
Dev | Loss: 0.2610 | AP: 0.2390 | AUROC: 0.7194 | F1: 0.11 | F1/class: Atelectasis:0.27, Cardiomegaly:0.34, Effusion:0.48, Infiltration:0.43, Mass:0.03, Nodule:0.00, Pneumonia:0.00, Pneumothorax:0.00, Consolidation:0.00, Edema:0.00, Emphysema:0.00, Fibrosis:0.00, Pleural_Thickening:0.00, Hernia:0.00 | Time: 7.54s
test | Loss: 0.3026 | AP: 0.2354 | AUROC: 0.7099 | F1: 0.10 | F1/class: Atelectasis:0.20, Cardiomegaly:0.29, Effusion:0.46, Infiltration:0.44, Mass:0.02, Nodule:0.00, Pneumonia:0.00, Pneumothorax:0.00, Consolidation:0.00, Edema:0.00, Emphysema:0.00, Fibrosis:0.00, Pleural_Thickening:0.00, Hernia:0.00 | Time: 15.35s

->> lr: 1.0000000000000004e-08

--------------------------------------------------
Epoch: 172 / 500
Train | Loss: 0.2522 | AP: 0.2625 | AUROC: 0.7547 | F1: 0.12 | F1/class: Atelectasis:0.29, Cardiomegaly:0.32, Effusion:0.52, Infiltration:0.46, Mass:0.03, Nodule:0.00, Pneumonia:0.00, Pneumothorax:0.00, Consolidation:0.00, Edema:0.00, Emphysema:0.00, Fibrosis:0.00, Pleural_Thickening:0.00, Hernia:0.00 | Time: 135.61s
Dev | Loss: 0.2610 | AP: 0.2387 | AUROC: 0.7195 | F1: 0.11 | F1/class: Atelectasis:0.29, Cardiomegaly:0.31, Effusion:0.50, Infiltration:0.42, Mass:0.04, Nodule:0.00, Pneumonia:0.00, Pneumothorax:0.00, Consolidation:0.00, Edema:0.01, Emphysema:0.00, Fibrosis:0.00, Pleural_Thickening:0.00, Hernia:0.00 | Time: 7.55s
test | Loss: 0.3030 | AP: 0.2357 | AUROC: 0.7104 | F1: 0.10 | F1/class: Atelectasis:0.21, Cardiomegaly:0.26, Effusion:0.48, Infiltration:0.44, Mass:0.03, Nodule:0.00, Pneumonia:0.00, Pneumothorax:0.00, Consolidation:0.00, Edema:0.00, Emphysema:0.00, Fibrosis:0.00, Pleural_Thickening:0.00, Hernia:0.00 | Time: 15.33s

->> lr: 1.0000000000000004e-08

--------------------------------------------------
Epoch: 173 / 500
Train | Loss: 0.2523 | AP: 0.2618 | AUROC: 0.7561 | F1: 0.12 | F1/class: Atelectasis:0.29, Cardiomegaly:0.31, Effusion:0.52, Infiltration:0.46, Mass:0.04, Nodule:0.00, Pneumonia:0.00, Pneumothorax:0.00, Consolidation:0.00, Edema:0.00, Emphysema:0.00, Fibrosis:0.00, Pleural_Thickening:0.00, Hernia:0.00 | Time: 133.69s
Dev | Loss: 0.2609 | AP: 0.2387 | AUROC: 0.7197 | F1: 0.11 | F1/class: Atelectasis:0.26, Cardiomegaly:0.33, Effusion:0.51, Infiltration:0.42, Mass:0.04, Nodule:0.00, Pneumonia:0.00, Pneumothorax:0.00, Consolidation:0.00, Edema:0.00, Emphysema:0.00, Fibrosis:0.00, Pleural_Thickening:0.00, Hernia:0.00 | Time: 7.63s
test | Loss: 0.3026 | AP: 0.2357 | AUROC: 0.7106 | F1: 0.10 | F1/class: Atelectasis:0.19, Cardiomegaly:0.27, Effusion:0.49, Infiltration:0.44, Mass:0.02, Nodule:0.00, Pneumonia:0.00, Pneumothorax:0.00, Consolidation:0.00, Edema:0.00, Emphysema:0.00, Fibrosis:0.00, Pleural_Thickening:0.00, Hernia:0.00 | Time: 15.33s

->> lr: 1.0000000000000004e-08

--------------------------------------------------
Epoch: 174 / 500
Train | Loss: 0.2522 | AP: 0.2617 | AUROC: 0.7561 | F1: 0.12 | F1/class: Atelectasis:0.28, Cardiomegaly:0.32, Effusion:0.52, Infiltration:0.46, Mass:0.03, Nodule:0.00, Pneumonia:0.00, Pneumothorax:0.00, Consolidation:0.00, Edema:0.00, Emphysema:0.00, Fibrosis:0.00, Pleural_Thickening:0.00, Hernia:0.00 | Time: 135.60s
Dev | Loss: 0.2610 | AP: 0.2393 | AUROC: 0.7194 | F1: 0.11 | F1/class: Atelectasis:0.28, Cardiomegaly:0.30, Effusion:0.49, Infiltration:0.44, Mass:0.04, Nodule:0.00, Pneumonia:0.00, Pneumothorax:0.00, Consolidation:0.00, Edema:0.00, Emphysema:0.00, Fibrosis:0.00, Pleural_Thickening:0.00, Hernia:0.00 | Time: 7.64s
test | Loss: 0.3031 | AP: 0.2355 | AUROC: 0.7095 | F1: 0.10 | F1/class: Atelectasis:0.21, Cardiomegaly:0.24, Effusion:0.47, Infiltration:0.44, Mass:0.03, Nodule:0.00, Pneumonia:0.00, Pneumothorax:0.00, Consolidation:0.00, Edema:0.00, Emphysema:0.00, Fibrosis:0.00, Pleural_Thickening:0.00, Hernia:0.00 | Time: 15.27s

->> lr: 1.0000000000000004e-08

--------------------------------------------------
Epoch: 175 / 500
Train | Loss: 0.2521 | AP: 0.2631 | AUROC: 0.7567 | F1: 0.12 | F1/class: Atelectasis:0.29, Cardiomegaly:0.34, Effusion:0.52, Infiltration:0.46, Mass:0.03, Nodule:0.00, Pneumonia:0.00, Pneumothorax:0.00, Consolidation:0.00, Edema:0.00, Emphysema:0.00, Fibrosis:0.00, Pleural_Thickening:0.00, Hernia:0.00 | Time: 142.86s
Dev | Loss: 0.2610 | AP: 0.2388 | AUROC: 0.7195 | F1: 0.11 | F1/class: Atelectasis:0.26, Cardiomegaly:0.33, Effusion:0.48, Infiltration:0.43, Mass:0.03, Nodule:0.00, Pneumonia:0.00, Pneumothorax:0.00, Consolidation:0.00, Edema:0.00, Emphysema:0.00, Fibrosis:0.00, Pleural_Thickening:0.00, Hernia:0.00 | Time: 7.55s
test | Loss: 0.3025 | AP: 0.2354 | AUROC: 0.7099 | F1: 0.10 | F1/class: Atelectasis:0.20, Cardiomegaly:0.28, Effusion:0.46, Infiltration:0.44, Mass:0.02, Nodule:0.00, Pneumonia:0.00, Pneumothorax:0.00, Consolidation:0.00, Edema:0.00, Emphysema:0.00, Fibrosis:0.00, Pleural_Thickening:0.00, Hernia:0.00 | Time: 15.31s

->> lr: 1.0000000000000004e-08

--------------------------------------------------
Epoch: 176 / 500
Train | Loss: 0.2523 | AP: 0.2620 | AUROC: 0.7558 | F1: 0.12 | F1/class: Atelectasis:0.28, Cardiomegaly:0.33, Effusion:0.52, Infiltration:0.46, Mass:0.03, Nodule:0.00, Pneumonia:0.00, Pneumothorax:0.00, Consolidation:0.00, Edema:0.00, Emphysema:0.00, Fibrosis:0.00, Pleural_Thickening:0.00, Hernia:0.00 | Time: 142.26s
Dev | Loss: 0.2609 | AP: 0.2390 | AUROC: 0.7197 | F1: 0.11 | F1/class: Atelectasis:0.26, Cardiomegaly:0.33, Effusion:0.50, Infiltration:0.42, Mass:0.04, Nodule:0.00, Pneumonia:0.00, Pneumothorax:0.00, Consolidation:0.00, Edema:0.00, Emphysema:0.00, Fibrosis:0.00, Pleural_Thickening:0.00, Hernia:0.00 | Time: 7.62s
test | Loss: 0.3024 | AP: 0.2357 | AUROC: 0.7102 | F1: 0.10 | F1/class: Atelectasis:0.19, Cardiomegaly:0.27, Effusion:0.48, Infiltration:0.43, Mass:0.02, Nodule:0.00, Pneumonia:0.00, Pneumothorax:0.00, Consolidation:0.00, Edema:0.00, Emphysema:0.00, Fibrosis:0.00, Pleural_Thickening:0.00, Hernia:0.00 | Time: 15.28s

->> lr: 1.0000000000000004e-08

--------------------------------------------------
Epoch: 177 / 500
Train | Loss: 0.2523 | AP: 0.2623 | AUROC: 0.7553 | F1: 0.12 | F1/class: Atelectasis:0.28, Cardiomegaly:0.32, Effusion:0.53, Infiltration:0.45, Mass:0.04, Nodule:0.00, Pneumonia:0.00, Pneumothorax:0.00, Consolidation:0.00, Edema:0.00, Emphysema:0.00, Fibrosis:0.00, Pleural_Thickening:0.00, Hernia:0.00 | Time: 133.33s
Dev | Loss: 0.2610 | AP: 0.2390 | AUROC: 0.7193 | F1: 0.11 | F1/class: Atelectasis:0.28, Cardiomegaly:0.34, Effusion:0.48, Infiltration:0.42, Mass:0.03, Nodule:0.00, Pneumonia:0.00, Pneumothorax:0.00, Consolidation:0.00, Edema:0.00, Emphysema:0.00, Fibrosis:0.00, Pleural_Thickening:0.00, Hernia:0.00 | Time: 7.49s
test | Loss: 0.3025 | AP: 0.2352 | AUROC: 0.7096 | F1: 0.10 | F1/class: Atelectasis:0.21, Cardiomegaly:0.29, Effusion:0.46, Infiltration:0.42, Mass:0.02, Nodule:0.00, Pneumonia:0.00, Pneumothorax:0.00, Consolidation:0.00, Edema:0.00, Emphysema:0.00, Fibrosis:0.00, Pleural_Thickening:0.00, Hernia:0.00 | Time: 15.27s

->> lr: 1.0000000000000004e-08

--------------------------------------------------
Epoch: 178 / 500
Train | Loss: 0.2525 | AP: 0.2625 | AUROC: 0.7549 | F1: 0.12 | F1/class: Atelectasis:0.29, Cardiomegaly:0.33, Effusion:0.52, Infiltration:0.46, Mass:0.03, Nodule:0.00, Pneumonia:0.00, Pneumothorax:0.00, Consolidation:0.00, Edema:0.00, Emphysema:0.00, Fibrosis:0.00, Pleural_Thickening:0.00, Hernia:0.00 | Time: 139.19s
Dev | Loss: 0.2610 | AP: 0.2389 | AUROC: 0.7190 | F1: 0.11 | F1/class: Atelectasis:0.30, Cardiomegaly:0.34, Effusion:0.48, Infiltration:0.41, Mass:0.03, Nodule:0.00, Pneumonia:0.00, Pneumothorax:0.00, Consolidation:0.00, Edema:0.00, Emphysema:0.00, Fibrosis:0.00, Pleural_Thickening:0.00, Hernia:0.00 | Time: 7.51s
test | Loss: 0.3024 | AP: 0.2353 | AUROC: 0.7100 | F1: 0.10 | F1/class: Atelectasis:0.22, Cardiomegaly:0.29, Effusion:0.46, Infiltration:0.42, Mass:0.02, Nodule:0.00, Pneumonia:0.00, Pneumothorax:0.00, Consolidation:0.00, Edema:0.00, Emphysema:0.00, Fibrosis:0.00, Pleural_Thickening:0.00, Hernia:0.00 | Time: 15.22s

->> lr: 1.0000000000000004e-08

--------------------------------------------------
Epoch: 179 / 500
Train | Loss: 0.2523 | AP: 0.2616 | AUROC: 0.7554 | F1: 0.12 | F1/class: Atelectasis:0.28, Cardiomegaly:0.32, Effusion:0.52, Infiltration:0.46, Mass:0.03, Nodule:0.00, Pneumonia:0.00, Pneumothorax:0.00, Consolidation:0.00, Edema:0.00, Emphysema:0.00, Fibrosis:0.00, Pleural_Thickening:0.00, Hernia:0.00 | Time: 136.91s
Dev | Loss: 0.2610 | AP: 0.2389 | AUROC: 0.7194 | F1: 0.11 | F1/class: Atelectasis:0.29, Cardiomegaly:0.32, Effusion:0.49, Infiltration:0.43, Mass:0.02, Nodule:0.00, Pneumonia:0.00, Pneumothorax:0.00, Consolidation:0.00, Edema:0.00, Emphysema:0.00, Fibrosis:0.00, Pleural_Thickening:0.00, Hernia:0.00 | Time: 7.56s
test | Loss: 0.3027 | AP: 0.2352 | AUROC: 0.7098 | F1: 0.10 | F1/class: Atelectasis:0.22, Cardiomegaly:0.28, Effusion:0.46, Infiltration:0.44, Mass:0.02, Nodule:0.00, Pneumonia:0.00, Pneumothorax:0.00, Consolidation:0.00, Edema:0.00, Emphysema:0.00, Fibrosis:0.00, Pleural_Thickening:0.00, Hernia:0.00 | Time: 15.30s

->> lr: 1.0000000000000004e-08

--------------------------------------------------
Epoch: 180 / 500
Train | Loss: 0.2524 | AP: 0.2618 | AUROC: 0.7547 | F1: 0.12 | F1/class: Atelectasis:0.29, Cardiomegaly:0.32, Effusion:0.52, Infiltration:0.45, Mass:0.03, Nodule:0.00, Pneumonia:0.00, Pneumothorax:0.00, Consolidation:0.00, Edema:0.00, Emphysema:0.00, Fibrosis:0.00, Pleural_Thickening:0.00, Hernia:0.00 | Time: 136.28s
Dev | Loss: 0.2610 | AP: 0.2382 | AUROC: 0.7199 | F1: 0.11 | F1/class: Atelectasis:0.26, Cardiomegaly:0.32, Effusion:0.50, Infiltration:0.42, Mass:0.04, Nodule:0.00, Pneumonia:0.00, Pneumothorax:0.00, Consolidation:0.00, Edema:0.01, Emphysema:0.00, Fibrosis:0.00, Pleural_Thickening:0.00, Hernia:0.00 | Time: 7.56s
test | Loss: 0.3027 | AP: 0.2360 | AUROC: 0.7109 | F1: 0.10 | F1/class: Atelectasis:0.19, Cardiomegaly:0.25, Effusion:0.48, Infiltration:0.45, Mass:0.03, Nodule:0.00, Pneumonia:0.00, Pneumothorax:0.00, Consolidation:0.00, Edema:0.00, Emphysema:0.00, Fibrosis:0.00, Pleural_Thickening:0.00, Hernia:0.00 | Time: 15.34s

->> lr: 1.0000000000000004e-08

--------------------------------------------------
Epoch: 181 / 500
Train | Loss: 0.2524 | AP: 0.2612 | AUROC: 0.7551 | F1: 0.12 | F1/class: Atelectasis:0.29, Cardiomegaly:0.32, Effusion:0.52, Infiltration:0.46, Mass:0.04, Nodule:0.00, Pneumonia:0.00, Pneumothorax:0.00, Consolidation:0.00, Edema:0.00, Emphysema:0.00, Fibrosis:0.00, Pleural_Thickening:0.00, Hernia:0.00 | Time: 141.39s
Dev | Loss: 0.2609 | AP: 0.2389 | AUROC: 0.7198 | F1: 0.11 | F1/class: Atelectasis:0.26, Cardiomegaly:0.34, Effusion:0.49, Infiltration:0.42, Mass:0.04, Nodule:0.00, Pneumonia:0.00, Pneumothorax:0.00, Consolidation:0.00, Edema:0.00, Emphysema:0.00, Fibrosis:0.00, Pleural_Thickening:0.00, Hernia:0.00 | Time: 7.64s
test | Loss: 0.3020 | AP: 0.2357 | AUROC: 0.7104 | F1: 0.10 | F1/class: Atelectasis:0.20, Cardiomegaly:0.28, Effusion:0.47, Infiltration:0.43, Mass:0.02, Nodule:0.00, Pneumonia:0.00, Pneumothorax:0.00, Consolidation:0.00, Edema:0.00, Emphysema:0.00, Fibrosis:0.00, Pleural_Thickening:0.00, Hernia:0.00 | Time: 15.33s

->> lr: 1.0000000000000004e-08

--------------------------------------------------
Epoch: 182 / 500
Train | Loss: 0.2523 | AP: 0.2620 | AUROC: 0.7556 | F1: 0.12 | F1/class: Atelectasis:0.29, Cardiomegaly:0.31, Effusion:0.52, Infiltration:0.46, Mass:0.04, Nodule:0.00, Pneumonia:0.00, Pneumothorax:0.00, Consolidation:0.00, Edema:0.00, Emphysema:0.00, Fibrosis:0.00, Pleural_Thickening:0.00, Hernia:0.00 | Time: 139.45s
Dev | Loss: 0.2610 | AP: 0.2386 | AUROC: 0.7194 | F1: 0.11 | F1/class: Atelectasis:0.30, Cardiomegaly:0.32, Effusion:0.51, Infiltration:0.42, Mass:0.04, Nodule:0.00, Pneumonia:0.00, Pneumothorax:0.00, Consolidation:0.00, Edema:0.00, Emphysema:0.00, Fibrosis:0.00, Pleural_Thickening:0.00, Hernia:0.00 | Time: 7.58s
test | Loss: 0.3030 | AP: 0.2358 | AUROC: 0.7108 | F1: 0.10 | F1/class: Atelectasis:0.22, Cardiomegaly:0.27, Effusion:0.48, Infiltration:0.43, Mass:0.03, Nodule:0.00, Pneumonia:0.00, Pneumothorax:0.00, Consolidation:0.00, Edema:0.00, Emphysema:0.00, Fibrosis:0.00, Pleural_Thickening:0.00, Hernia:0.00 | Time: 15.28s

->> lr: 1.0000000000000004e-08

--------------------------------------------------
Epoch: 183 / 500
Train | Loss: 0.2523 | AP: 0.2627 | AUROC: 0.7550 | F1: 0.12 | F1/class: Atelectasis:0.29, Cardiomegaly:0.32, Effusion:0.52, Infiltration:0.46, Mass:0.03, Nodule:0.00, Pneumonia:0.00, Pneumothorax:0.00, Consolidation:0.00, Edema:0.00, Emphysema:0.00, Fibrosis:0.00, Pleural_Thickening:0.00, Hernia:0.00 | Time: 139.86s
Dev | Loss: 0.2609 | AP: 0.2389 | AUROC: 0.7195 | F1: 0.11 | F1/class: Atelectasis:0.29, Cardiomegaly:0.31, Effusion:0.49, Infiltration:0.43, Mass:0.04, Nodule:0.00, Pneumonia:0.00, Pneumothorax:0.00, Consolidation:0.00, Edema:0.00, Emphysema:0.00, Fibrosis:0.00, Pleural_Thickening:0.00, Hernia:0.00 | Time: 7.53s
test | Loss: 0.3028 | AP: 0.2355 | AUROC: 0.7102 | F1: 0.10 | F1/class: Atelectasis:0.21, Cardiomegaly:0.26, Effusion:0.47, Infiltration:0.44, Mass:0.03, Nodule:0.00, Pneumonia:0.00, Pneumothorax:0.00, Consolidation:0.00, Edema:0.00, Emphysema:0.00, Fibrosis:0.00, Pleural_Thickening:0.00, Hernia:0.00 | Time: 15.31s

->> lr: 1.0000000000000004e-08

--------------------------------------------------
Epoch: 184 / 500
Train | Loss: 0.2522 | AP: 0.2617 | AUROC: 0.7557 | F1: 0.12 | F1/class: Atelectasis:0.28, Cardiomegaly:0.32, Effusion:0.52, Infiltration:0.46, Mass:0.03, Nodule:0.00, Pneumonia:0.00, Pneumothorax:0.00, Consolidation:0.00, Edema:0.00, Emphysema:0.00, Fibrosis:0.00, Pleural_Thickening:0.00, Hernia:0.00 | Time: 132.22s
Dev | Loss: 0.2610 | AP: 0.2387 | AUROC: 0.7196 | F1: 0.11 | F1/class: Atelectasis:0.28, Cardiomegaly:0.33, Effusion:0.50, Infiltration:0.43, Mass:0.04, Nodule:0.00, Pneumonia:0.00, Pneumothorax:0.00, Consolidation:0.00, Edema:0.00, Emphysema:0.00, Fibrosis:0.00, Pleural_Thickening:0.00, Hernia:0.00 | Time: 7.59s
test | Loss: 0.3026 | AP: 0.2356 | AUROC: 0.7105 | F1: 0.10 | F1/class: Atelectasis:0.20, Cardiomegaly:0.28, Effusion:0.48, Infiltration:0.44, Mass:0.03, Nodule:0.00, Pneumonia:0.00, Pneumothorax:0.00, Consolidation:0.00, Edema:0.00, Emphysema:0.00, Fibrosis:0.00, Pleural_Thickening:0.00, Hernia:0.00 | Time: 15.29s

->> lr: 1.0000000000000004e-08

--------------------------------------------------
Epoch: 185 / 500
Train | Loss: 0.2524 | AP: 0.2620 | AUROC: 0.7557 | F1: 0.12 | F1/class: Atelectasis:0.29, Cardiomegaly:0.33, Effusion:0.52, Infiltration:0.46, Mass:0.04, Nodule:0.00, Pneumonia:0.00, Pneumothorax:0.00, Consolidation:0.00, Edema:0.00, Emphysema:0.00, Fibrosis:0.00, Pleural_Thickening:0.00, Hernia:0.00 | Time: 130.71s
Dev | Loss: 0.2609 | AP: 0.2390 | AUROC: 0.7194 | F1: 0.11 | F1/class: Atelectasis:0.27, Cardiomegaly:0.31, Effusion:0.52, Infiltration:0.42, Mass:0.04, Nodule:0.00, Pneumonia:0.00, Pneumothorax:0.00, Consolidation:0.00, Edema:0.00, Emphysema:0.00, Fibrosis:0.00, Pleural_Thickening:0.00, Hernia:0.00 | Time: 7.63s
test | Loss: 0.3027 | AP: 0.2358 | AUROC: 0.7105 | F1: 0.10 | F1/class: Atelectasis:0.20, Cardiomegaly:0.24, Effusion:0.49, Infiltration:0.42, Mass:0.03, Nodule:0.00, Pneumonia:0.00, Pneumothorax:0.00, Consolidation:0.00, Edema:0.00, Emphysema:0.00, Fibrosis:0.00, Pleural_Thickening:0.00, Hernia:0.00 | Time: 15.30s

->> lr: 1.0000000000000004e-08

--------------------------------------------------
Epoch: 186 / 500
Train | Loss: 0.2522 | AP: 0.2625 | AUROC: 0.7553 | F1: 0.12 | F1/class: Atelectasis:0.28, Cardiomegaly:0.33, Effusion:0.52, Infiltration:0.46, Mass:0.03, Nodule:0.00, Pneumonia:0.00, Pneumothorax:0.00, Consolidation:0.00, Edema:0.00, Emphysema:0.00, Fibrosis:0.00, Pleural_Thickening:0.00, Hernia:0.00 | Time: 142.27s
Dev | Loss: 0.2612 | AP: 0.2390 | AUROC: 0.7189 | F1: 0.11 | F1/class: Atelectasis:0.30, Cardiomegaly:0.32, Effusion:0.47, Infiltration:0.43, Mass:0.03, Nodule:0.00, Pneumonia:0.00, Pneumothorax:0.00, Consolidation:0.00, Edema:0.00, Emphysema:0.00, Fibrosis:0.00, Pleural_Thickening:0.00, Hernia:0.00 | Time: 7.53s
test | Loss: 0.3030 | AP: 0.2351 | AUROC: 0.7091 | F1: 0.10 | F1/class: Atelectasis:0.22, Cardiomegaly:0.27, Effusion:0.44, Infiltration:0.43, Mass:0.02, Nodule:0.00, Pneumonia:0.00, Pneumothorax:0.00, Consolidation:0.00, Edema:0.00, Emphysema:0.00, Fibrosis:0.00, Pleural_Thickening:0.00, Hernia:0.00 | Time: 15.29s

->> lr: 1.0000000000000004e-08

--------------------------------------------------
Epoch: 187 / 500
Train | Loss: 0.2523 | AP: 0.2621 | AUROC: 0.7561 | F1: 0.12 | F1/class: Atelectasis:0.29, Cardiomegaly:0.32, Effusion:0.52, Infiltration:0.46, Mass:0.03, Nodule:0.00, Pneumonia:0.00, Pneumothorax:0.00, Consolidation:0.00, Edema:0.00, Emphysema:0.00, Fibrosis:0.00, Pleural_Thickening:0.00, Hernia:0.00 | Time: 137.48s
Dev | Loss: 0.2610 | AP: 0.2388 | AUROC: 0.7194 | F1: 0.11 | F1/class: Atelectasis:0.28, Cardiomegaly:0.34, Effusion:0.49, Infiltration:0.43, Mass:0.02, Nodule:0.00, Pneumonia:0.00, Pneumothorax:0.00, Consolidation:0.00, Edema:0.00, Emphysema:0.00, Fibrosis:0.00, Pleural_Thickening:0.00, Hernia:0.00 | Time: 7.60s
test | Loss: 0.3026 | AP: 0.2352 | AUROC: 0.7101 | F1: 0.10 | F1/class: Atelectasis:0.21, Cardiomegaly:0.28, Effusion:0.47, Infiltration:0.44, Mass:0.02, Nodule:0.00, Pneumonia:0.00, Pneumothorax:0.00, Consolidation:0.00, Edema:0.00, Emphysema:0.00, Fibrosis:0.00, Pleural_Thickening:0.00, Hernia:0.00 | Time: 15.31s

->> lr: 1.0000000000000004e-08

--------------------------------------------------
Epoch: 188 / 500
Train | Loss: 0.2523 | AP: 0.2621 | AUROC: 0.7557 | F1: 0.12 | F1/class: Atelectasis:0.29, Cardiomegaly:0.33, Effusion:0.53, Infiltration:0.46, Mass:0.03, Nodule:0.00, Pneumonia:0.00, Pneumothorax:0.00, Consolidation:0.00, Edema:0.00, Emphysema:0.00, Fibrosis:0.00, Pleural_Thickening:0.00, Hernia:0.00 | Time: 135.27s
Dev | Loss: 0.2611 | AP: 0.2388 | AUROC: 0.7193 | F1: 0.11 | F1/class: Atelectasis:0.30, Cardiomegaly:0.32, Effusion:0.52, Infiltration:0.42, Mass:0.04, Nodule:0.00, Pneumonia:0.00, Pneumothorax:0.00, Consolidation:0.00, Edema:0.00, Emphysema:0.00, Fibrosis:0.00, Pleural_Thickening:0.00, Hernia:0.00 | Time: 7.56s
test | Loss: 0.3029 | AP: 0.2356 | AUROC: 0.7105 | F1: 0.10 | F1/class: Atelectasis:0.22, Cardiomegaly:0.26, Effusion:0.49, Infiltration:0.43, Mass:0.03, Nodule:0.00, Pneumonia:0.00, Pneumothorax:0.00, Consolidation:0.00, Edema:0.00, Emphysema:0.00, Fibrosis:0.00, Pleural_Thickening:0.00, Hernia:0.00 | Time: 15.35s

->> lr: 1.0000000000000004e-08

--------------------------------------------------
Epoch: 189 / 500
Train | Loss: 0.2525 | AP: 0.2611 | AUROC: 0.7543 | F1: 0.12 | F1/class: Atelectasis:0.28, Cardiomegaly:0.32, Effusion:0.52, Infiltration:0.45, Mass:0.04, Nodule:0.00, Pneumonia:0.00, Pneumothorax:0.00, Consolidation:0.00, Edema:0.00, Emphysema:0.00, Fibrosis:0.00, Pleural_Thickening:0.00, Hernia:0.00 | Time: 133.42s
Dev | Loss: 0.2610 | AP: 0.2389 | AUROC: 0.7196 | F1: 0.11 | F1/class: Atelectasis:0.25, Cardiomegaly:0.32, Effusion:0.49, Infiltration:0.42, Mass:0.04, Nodule:0.00, Pneumonia:0.00, Pneumothorax:0.00, Consolidation:0.00, Edema:0.00, Emphysema:0.00, Fibrosis:0.00, Pleural_Thickening:0.00, Hernia:0.00 | Time: 7.52s
test | Loss: 0.3022 | AP: 0.2358 | AUROC: 0.7102 | F1: 0.10 | F1/class: Atelectasis:0.18, Cardiomegaly:0.27, Effusion:0.46, Infiltration:0.43, Mass:0.03, Nodule:0.00, Pneumonia:0.00, Pneumothorax:0.00, Consolidation:0.00, Edema:0.00, Emphysema:0.00, Fibrosis:0.00, Pleural_Thickening:0.00, Hernia:0.00 | Time: 15.37s

->> lr: 1.0000000000000004e-08

--------------------------------------------------
Epoch: 190 / 500
Train | Loss: 0.2523 | AP: 0.2624 | AUROC: 0.7556 | F1: 0.12 | F1/class: Atelectasis:0.29, Cardiomegaly:0.33, Effusion:0.53, Infiltration:0.46, Mass:0.03, Nodule:0.00, Pneumonia:0.00, Pneumothorax:0.00, Consolidation:0.00, Edema:0.01, Emphysema:0.00, Fibrosis:0.00, Pleural_Thickening:0.00, Hernia:0.00 | Time: 140.77s
Dev | Loss: 0.2610 | AP: 0.2390 | AUROC: 0.7194 | F1: 0.11 | F1/class: Atelectasis:0.26, Cardiomegaly:0.33, Effusion:0.49, Infiltration:0.42, Mass:0.04, Nodule:0.00, Pneumonia:0.00, Pneumothorax:0.00, Consolidation:0.00, Edema:0.00, Emphysema:0.00, Fibrosis:0.00, Pleural_Thickening:0.00, Hernia:0.00 | Time: 7.62s
test | Loss: 0.3021 | AP: 0.2355 | AUROC: 0.7102 | F1: 0.10 | F1/class: Atelectasis:0.20, Cardiomegaly:0.28, Effusion:0.47, Infiltration:0.42, Mass:0.03, Nodule:0.00, Pneumonia:0.00, Pneumothorax:0.00, Consolidation:0.00, Edema:0.00, Emphysema:0.00, Fibrosis:0.00, Pleural_Thickening:0.00, Hernia:0.00 | Time: 15.46s

->> lr: 1.0000000000000004e-08

--------------------------------------------------
Epoch: 191 / 500
Train | Loss: 0.2523 | AP: 0.2623 | AUROC: 0.7560 | F1: 0.12 | F1/class: Atelectasis:0.29, Cardiomegaly:0.32, Effusion:0.52, Infiltration:0.46, Mass:0.03, Nodule:0.00, Pneumonia:0.00, Pneumothorax:0.00, Consolidation:0.00, Edema:0.00, Emphysema:0.00, Fibrosis:0.00, Pleural_Thickening:0.00, Hernia:0.00 | Time: 141.41s
Dev | Loss: 0.2610 | AP: 0.2388 | AUROC: 0.7195 | F1: 0.11 | F1/class: Atelectasis:0.28, Cardiomegaly:0.33, Effusion:0.49, Infiltration:0.42, Mass:0.04, Nodule:0.00, Pneumonia:0.00, Pneumothorax:0.00, Consolidation:0.00, Edema:0.00, Emphysema:0.00, Fibrosis:0.00, Pleural_Thickening:0.00, Hernia:0.00 | Time: 7.52s
test | Loss: 0.3021 | AP: 0.2356 | AUROC: 0.7102 | F1: 0.10 | F1/class: Atelectasis:0.21, Cardiomegaly:0.28, Effusion:0.46, Infiltration:0.43, Mass:0.03, Nodule:0.00, Pneumonia:0.00, Pneumothorax:0.00, Consolidation:0.00, Edema:0.00, Emphysema:0.00, Fibrosis:0.00, Pleural_Thickening:0.00, Hernia:0.00 | Time: 15.26s

->> lr: 1.0000000000000004e-08

--------------------------------------------------
Epoch: 192 / 500
Train | Loss: 0.2523 | AP: 0.2623 | AUROC: 0.7553 | F1: 0.12 | F1/class: Atelectasis:0.29, Cardiomegaly:0.33, Effusion:0.52, Infiltration:0.46, Mass:0.03, Nodule:0.00, Pneumonia:0.00, Pneumothorax:0.00, Consolidation:0.00, Edema:0.00, Emphysema:0.00, Fibrosis:0.00, Pleural_Thickening:0.00, Hernia:0.00 | Time: 141.22s
Dev | Loss: 0.2611 | AP: 0.2388 | AUROC: 0.7193 | F1: 0.11 | F1/class: Atelectasis:0.29, Cardiomegaly:0.33, Effusion:0.48, Infiltration:0.44, Mass:0.03, Nodule:0.00, Pneumonia:0.00, Pneumothorax:0.00, Consolidation:0.00, Edema:0.00, Emphysema:0.00, Fibrosis:0.00, Pleural_Thickening:0.00, Hernia:0.00 | Time: 7.44s
test | Loss: 0.3030 | AP: 0.2353 | AUROC: 0.7098 | F1: 0.10 | F1/class: Atelectasis:0.22, Cardiomegaly:0.27, Effusion:0.46, Infiltration:0.44, Mass:0.02, Nodule:0.00, Pneumonia:0.00, Pneumothorax:0.00, Consolidation:0.00, Edema:0.00, Emphysema:0.00, Fibrosis:0.00, Pleural_Thickening:0.00, Hernia:0.00 | Time: 15.35s

->> lr: 1.0000000000000004e-08

--------------------------------------------------
Epoch: 193 / 500
Train | Loss: 0.2523 | AP: 0.2616 | AUROC: 0.7557 | F1: 0.12 | F1/class: Atelectasis:0.29, Cardiomegaly:0.32, Effusion:0.52, Infiltration:0.45, Mass:0.04, Nodule:0.00, Pneumonia:0.00, Pneumothorax:0.00, Consolidation:0.00, Edema:0.00, Emphysema:0.00, Fibrosis:0.00, Pleural_Thickening:0.00, Hernia:0.00 | Time: 138.04s
Dev | Loss: 0.2610 | AP: 0.2386 | AUROC: 0.7196 | F1: 0.11 | F1/class: Atelectasis:0.27, Cardiomegaly:0.34, Effusion:0.50, Infiltration:0.41, Mass:0.04, Nodule:0.00, Pneumonia:0.00, Pneumothorax:0.00, Consolidation:0.00, Edema:0.00, Emphysema:0.00, Fibrosis:0.00, Pleural_Thickening:0.00, Hernia:0.00 | Time: 7.64s
test | Loss: 0.3021 | AP: 0.2360 | AUROC: 0.7107 | F1: 0.10 | F1/class: Atelectasis:0.20, Cardiomegaly:0.28, Effusion:0.48, Infiltration:0.43, Mass:0.03, Nodule:0.00, Pneumonia:0.00, Pneumothorax:0.00, Consolidation:0.00, Edema:0.00, Emphysema:0.00, Fibrosis:0.00, Pleural_Thickening:0.00, Hernia:0.00 | Time: 15.25s

->> lr: 1.0000000000000004e-08

--------------------------------------------------
Epoch: 194 / 500
Train | Loss: 0.2522 | AP: 0.2625 | AUROC: 0.7556 | F1: 0.12 | F1/class: Atelectasis:0.29, Cardiomegaly:0.33, Effusion:0.53, Infiltration:0.46, Mass:0.04, Nodule:0.00, Pneumonia:0.00, Pneumothorax:0.00, Consolidation:0.00, Edema:0.00, Emphysema:0.00, Fibrosis:0.00, Pleural_Thickening:0.00, Hernia:0.00 | Time: 142.48s
Dev | Loss: 0.2610 | AP: 0.2388 | AUROC: 0.7196 | F1: 0.11 | F1/class: Atelectasis:0.27, Cardiomegaly:0.32, Effusion:0.49, Infiltration:0.41, Mass:0.04, Nodule:0.00, Pneumonia:0.00, Pneumothorax:0.00, Consolidation:0.00, Edema:0.00, Emphysema:0.00, Fibrosis:0.00, Pleural_Thickening:0.00, Hernia:0.00 | Time: 7.55s
test | Loss: 0.3026 | AP: 0.2358 | AUROC: 0.7105 | F1: 0.10 | F1/class: Atelectasis:0.21, Cardiomegaly:0.26, Effusion:0.47, Infiltration:0.43, Mass:0.03, Nodule:0.00, Pneumonia:0.00, Pneumothorax:0.00, Consolidation:0.00, Edema:0.00, Emphysema:0.00, Fibrosis:0.00, Pleural_Thickening:0.00, Hernia:0.00 | Time: 15.30s

->> lr: 1.0000000000000004e-08

--------------------------------------------------
Epoch: 195 / 500
Train | Loss: 0.2523 | AP: 0.2617 | AUROC: 0.7553 | F1: 0.11 | F1/class: Atelectasis:0.29, Cardiomegaly:0.31, Effusion:0.52, Infiltration:0.46, Mass:0.03, Nodule:0.00, Pneumonia:0.00, Pneumothorax:0.00, Consolidation:0.00, Edema:0.00, Emphysema:0.00, Fibrosis:0.00, Pleural_Thickening:0.00, Hernia:0.00 | Time: 139.46s
Dev | Loss: 0.2610 | AP: 0.2391 | AUROC: 0.7194 | F1: 0.11 | F1/class: Atelectasis:0.30, Cardiomegaly:0.31, Effusion:0.49, Infiltration:0.43, Mass:0.04, Nodule:0.00, Pneumonia:0.00, Pneumothorax:0.00, Consolidation:0.00, Edema:0.00, Emphysema:0.00, Fibrosis:0.00, Pleural_Thickening:0.00, Hernia:0.00 | Time: 7.55s
test | Loss: 0.3027 | AP: 0.2356 | AUROC: 0.7099 | F1: 0.10 | F1/class: Atelectasis:0.22, Cardiomegaly:0.26, Effusion:0.46, Infiltration:0.43, Mass:0.03, Nodule:0.00, Pneumonia:0.00, Pneumothorax:0.00, Consolidation:0.00, Edema:0.00, Emphysema:0.00, Fibrosis:0.00, Pleural_Thickening:0.00, Hernia:0.00 | Time: 15.26s

->> lr: 1.0000000000000004e-08

--------------------------------------------------
Epoch: 196 / 500
Train | Loss: 0.2522 | AP: 0.2624 | AUROC: 0.7561 | F1: 0.12 | F1/class: Atelectasis:0.29, Cardiomegaly:0.33, Effusion:0.52, Infiltration:0.46, Mass:0.03, Nodule:0.00, Pneumonia:0.00, Pneumothorax:0.00, Consolidation:0.00, Edema:0.00, Emphysema:0.00, Fibrosis:0.00, Pleural_Thickening:0.00, Hernia:0.00 | Time: 135.12s
Dev | Loss: 0.2611 | AP: 0.2388 | AUROC: 0.7194 | F1: 0.11 | F1/class: Atelectasis:0.30, Cardiomegaly:0.32, Effusion:0.48, Infiltration:0.43, Mass:0.03, Nodule:0.00, Pneumonia:0.00, Pneumothorax:0.00, Consolidation:0.00, Edema:0.01, Emphysema:0.00, Fibrosis:0.00, Pleural_Thickening:0.00, Hernia:0.00 | Time: 7.64s
test | Loss: 0.3030 | AP: 0.2355 | AUROC: 0.7099 | F1: 0.10 | F1/class: Atelectasis:0.22, Cardiomegaly:0.27, Effusion:0.45, Infiltration:0.44, Mass:0.02, Nodule:0.00, Pneumonia:0.00, Pneumothorax:0.00, Consolidation:0.00, Edema:0.00, Emphysema:0.00, Fibrosis:0.00, Pleural_Thickening:0.00, Hernia:0.00 | Time: 15.32s

->> lr: 1.0000000000000004e-08

--------------------------------------------------
Epoch: 197 / 500
Train | Loss: 0.2523 | AP: 0.2627 | AUROC: 0.7555 | F1: 0.12 | F1/class: Atelectasis:0.29, Cardiomegaly:0.32, Effusion:0.52, Infiltration:0.46, Mass:0.03, Nodule:0.00, Pneumonia:0.00, Pneumothorax:0.00, Consolidation:0.00, Edema:0.00, Emphysema:0.00, Fibrosis:0.00, Pleural_Thickening:0.00, Hernia:0.00 | Time: 136.51s
Dev | Loss: 0.2611 | AP: 0.2392 | AUROC: 0.7195 | F1: 0.11 | F1/class: Atelectasis:0.26, Cardiomegaly:0.31, Effusion:0.48, Infiltration:0.43, Mass:0.04, Nodule:0.00, Pneumonia:0.00, Pneumothorax:0.00, Consolidation:0.00, Edema:0.00, Emphysema:0.00, Fibrosis:0.00, Pleural_Thickening:0.00, Hernia:0.00 | Time: 7.55s
test | Loss: 0.3027 | AP: 0.2352 | AUROC: 0.7094 | F1: 0.10 | F1/class: Atelectasis:0.20, Cardiomegaly:0.27, Effusion:0.45, Infiltration:0.43, Mass:0.03, Nodule:0.00, Pneumonia:0.00, Pneumothorax:0.00, Consolidation:0.00, Edema:0.00, Emphysema:0.00, Fibrosis:0.00, Pleural_Thickening:0.00, Hernia:0.00 | Time: 15.31s

->> lr: 1.0000000000000004e-08

--------------------------------------------------
Epoch: 198 / 500
Train | Loss: 0.2523 | AP: 0.2628 | AUROC: 0.7556 | F1: 0.12 | F1/class: Atelectasis:0.29, Cardiomegaly:0.33, Effusion:0.52, Infiltration:0.46, Mass:0.03, Nodule:0.00, Pneumonia:0.00, Pneumothorax:0.00, Consolidation:0.00, Edema:0.00, Emphysema:0.00, Fibrosis:0.00, Pleural_Thickening:0.00, Hernia:0.00 | Time: 143.18s
Dev | Loss: 0.2610 | AP: 0.2391 | AUROC: 0.7196 | F1: 0.11 | F1/class: Atelectasis:0.27, Cardiomegaly:0.30, Effusion:0.49, Infiltration:0.43, Mass:0.04, Nodule:0.00, Pneumonia:0.00, Pneumothorax:0.00, Consolidation:0.00, Edema:0.00, Emphysema:0.00, Fibrosis:0.00, Pleural_Thickening:0.00, Hernia:0.00 | Time: 7.64s
test | Loss: 0.3029 | AP: 0.2355 | AUROC: 0.7099 | F1: 0.10 | F1/class: Atelectasis:0.21, Cardiomegaly:0.25, Effusion:0.47, Infiltration:0.43, Mass:0.03, Nodule:0.00, Pneumonia:0.00, Pneumothorax:0.00, Consolidation:0.00, Edema:0.00, Emphysema:0.00, Fibrosis:0.00, Pleural_Thickening:0.00, Hernia:0.00 | Time: 15.37s

->> lr: 1.0000000000000004e-08

--------------------------------------------------
Epoch: 199 / 500
Train | Loss: 0.2523 | AP: 0.2624 | AUROC: 0.7557 | F1: 0.12 | F1/class: Atelectasis:0.29, Cardiomegaly:0.33, Effusion:0.52, Infiltration:0.45, Mass:0.03, Nodule:0.00, Pneumonia:0.00, Pneumothorax:0.00, Consolidation:0.00, Edema:0.00, Emphysema:0.00, Fibrosis:0.00, Pleural_Thickening:0.00, Hernia:0.00 | Time: 132.57s
Dev | Loss: 0.2609 | AP: 0.2388 | AUROC: 0.7195 | F1: 0.11 | F1/class: Atelectasis:0.26, Cardiomegaly:0.33, Effusion:0.49, Infiltration:0.42, Mass:0.04, Nodule:0.00, Pneumonia:0.00, Pneumothorax:0.00, Consolidation:0.00, Edema:0.00, Emphysema:0.00, Fibrosis:0.00, Pleural_Thickening:0.00, Hernia:0.00 | Time: 7.57s
test | Loss: 0.3024 | AP: 0.2356 | AUROC: 0.7102 | F1: 0.10 | F1/class: Atelectasis:0.20, Cardiomegaly:0.27, Effusion:0.47, Infiltration:0.42, Mass:0.03, Nodule:0.00, Pneumonia:0.00, Pneumothorax:0.00, Consolidation:0.00, Edema:0.00, Emphysema:0.00, Fibrosis:0.00, Pleural_Thickening:0.00, Hernia:0.00 | Time: 15.33s

->> lr: 1.0000000000000004e-08

--------------------------------------------------
Epoch: 200 / 500
Train | Loss: 0.2524 | AP: 0.2623 | AUROC: 0.7550 | F1: 0.12 | F1/class: Atelectasis:0.29, Cardiomegaly:0.32, Effusion:0.52, Infiltration:0.46, Mass:0.04, Nodule:0.00, Pneumonia:0.00, Pneumothorax:0.00, Consolidation:0.00, Edema:0.00, Emphysema:0.00, Fibrosis:0.00, Pleural_Thickening:0.00, Hernia:0.00 | Time: 135.22s
Dev | Loss: 0.2610 | AP: 0.2388 | AUROC: 0.7194 | F1: 0.11 | F1/class: Atelectasis:0.27, Cardiomegaly:0.32, Effusion:0.50, Infiltration:0.42, Mass:0.04, Nodule:0.00, Pneumonia:0.00, Pneumothorax:0.00, Consolidation:0.00, Edema:0.00, Emphysema:0.00, Fibrosis:0.00, Pleural_Thickening:0.00, Hernia:0.00 | Time: 7.55s
test | Loss: 0.3026 | AP: 0.2355 | AUROC: 0.7103 | F1: 0.10 | F1/class: Atelectasis:0.21, Cardiomegaly:0.27, Effusion:0.48, Infiltration:0.43, Mass:0.03, Nodule:0.00, Pneumonia:0.00, Pneumothorax:0.00, Consolidation:0.00, Edema:0.00, Emphysema:0.00, Fibrosis:0.00, Pleural_Thickening:0.00, Hernia:0.00 | Time: 15.31s

->> lr: 1.0000000000000004e-08

--------------------------------------------------
Epoch: 201 / 500
Train | Loss: 0.2525 | AP: 0.2609 | AUROC: 0.7551 | F1: 0.12 | F1/class: Atelectasis:0.29, Cardiomegaly:0.32, Effusion:0.52, Infiltration:0.46, Mass:0.03, Nodule:0.00, Pneumonia:0.00, Pneumothorax:0.00, Consolidation:0.00, Edema:0.00, Emphysema:0.00, Fibrosis:0.00, Pleural_Thickening:0.00, Hernia:0.00 | Time: 136.50s
Dev | Loss: 0.2609 | AP: 0.2388 | AUROC: 0.7192 | F1: 0.11 | F1/class: Atelectasis:0.30, Cardiomegaly:0.32, Effusion:0.49, Infiltration:0.42, Mass:0.03, Nodule:0.00, Pneumonia:0.00, Pneumothorax:0.00, Consolidation:0.00, Edema:0.00, Emphysema:0.00, Fibrosis:0.00, Pleural_Thickening:0.00, Hernia:0.00 | Time: 7.60s
test | Loss: 0.3027 | AP: 0.2356 | AUROC: 0.7103 | F1: 0.10 | F1/class: Atelectasis:0.22, Cardiomegaly:0.27, Effusion:0.47, Infiltration:0.44, Mass:0.02, Nodule:0.00, Pneumonia:0.00, Pneumothorax:0.00, Consolidation:0.00, Edema:0.00, Emphysema:0.00, Fibrosis:0.00, Pleural_Thickening:0.00, Hernia:0.00 | Time: 15.29s

->> lr: 1.0000000000000004e-08

--------------------------------------------------
Epoch: 202 / 500
Train | Loss: 0.2524 | AP: 0.2613 | AUROC: 0.7555 | F1: 0.11 | F1/class: Atelectasis:0.28, Cardiomegaly:0.31, Effusion:0.52, Infiltration:0.45, Mass:0.04, Nodule:0.00, Pneumonia:0.00, Pneumothorax:0.00, Consolidation:0.00, Edema:0.00, Emphysema:0.00, Fibrosis:0.00, Pleural_Thickening:0.00, Hernia:0.00 | Time: 140.28s
Dev | Loss: 0.2610 | AP: 0.2387 | AUROC: 0.7195 | F1: 0.11 | F1/class: Atelectasis:0.28, Cardiomegaly:0.33, Effusion:0.51, Infiltration:0.41, Mass:0.04, Nodule:0.00, Pneumonia:0.00, Pneumothorax:0.00, Consolidation:0.00, Edema:0.00, Emphysema:0.00, Fibrosis:0.00, Pleural_Thickening:0.00, Hernia:0.00 | Time: 7.55s
test | Loss: 0.3024 | AP: 0.2359 | AUROC: 0.7107 | F1: 0.10 | F1/class: Atelectasis:0.20, Cardiomegaly:0.27, Effusion:0.48, Infiltration:0.43, Mass:0.03, Nodule:0.00, Pneumonia:0.00, Pneumothorax:0.00, Consolidation:0.00, Edema:0.00, Emphysema:0.00, Fibrosis:0.00, Pleural_Thickening:0.00, Hernia:0.00 | Time: 15.26s

->> lr: 1.0000000000000004e-08

--------------------------------------------------
Epoch: 203 / 500
Train | Loss: 0.2523 | AP: 0.2624 | AUROC: 0.7553 | F1: 0.12 | F1/class: Atelectasis:0.29, Cardiomegaly:0.33, Effusion:0.52, Infiltration:0.46, Mass:0.04, Nodule:0.00, Pneumonia:0.00, Pneumothorax:0.00, Consolidation:0.00, Edema:0.00, Emphysema:0.00, Fibrosis:0.00, Pleural_Thickening:0.00, Hernia:0.00 | Time: 132.54s
Dev | Loss: 0.2610 | AP: 0.2391 | AUROC: 0.7193 | F1: 0.11 | F1/class: Atelectasis:0.30, Cardiomegaly:0.31, Effusion:0.50, Infiltration:0.42, Mass:0.04, Nodule:0.00, Pneumonia:0.00, Pneumothorax:0.00, Consolidation:0.00, Edema:0.00, Emphysema:0.00, Fibrosis:0.00, Pleural_Thickening:0.00, Hernia:0.00 | Time: 7.56s
test | Loss: 0.3028 | AP: 0.2356 | AUROC: 0.7103 | F1: 0.10 | F1/class: Atelectasis:0.22, Cardiomegaly:0.26, Effusion:0.48, Infiltration:0.42, Mass:0.03, Nodule:0.00, Pneumonia:0.00, Pneumothorax:0.00, Consolidation:0.00, Edema:0.00, Emphysema:0.00, Fibrosis:0.00, Pleural_Thickening:0.00, Hernia:0.00 | Time: 15.29s

->> lr: 1.0000000000000004e-08

--------------------------------------------------
Epoch: 204 / 500
Train | Loss: 0.2523 | AP: 0.2613 | AUROC: 0.7561 | F1: 0.12 | F1/class: Atelectasis:0.29, Cardiomegaly:0.32, Effusion:0.52, Infiltration:0.46, Mass:0.03, Nodule:0.00, Pneumonia:0.00, Pneumothorax:0.00, Consolidation:0.00, Edema:0.00, Emphysema:0.00, Fibrosis:0.00, Pleural_Thickening:0.00, Hernia:0.00 | Time: 135.18s
Dev | Loss: 0.2609 | AP: 0.2389 | AUROC: 0.7194 | F1: 0.11 | F1/class: Atelectasis:0.29, Cardiomegaly:0.32, Effusion:0.49, Infiltration:0.41, Mass:0.04, Nodule:0.00, Pneumonia:0.00, Pneumothorax:0.00, Consolidation:0.00, Edema:0.00, Emphysema:0.00, Fibrosis:0.00, Pleural_Thickening:0.00, Hernia:0.00 | Time: 7.57s
test | Loss: 0.3022 | AP: 0.2359 | AUROC: 0.7105 | F1: 0.10 | F1/class: Atelectasis:0.22, Cardiomegaly:0.26, Effusion:0.47, Infiltration:0.43, Mass:0.03, Nodule:0.00, Pneumonia:0.00, Pneumothorax:0.00, Consolidation:0.00, Edema:0.00, Emphysema:0.00, Fibrosis:0.00, Pleural_Thickening:0.00, Hernia:0.00 | Time: 15.37s

->> lr: 1.0000000000000004e-08

--------------------------------------------------
Epoch: 205 / 500
Train | Loss: 0.2522 | AP: 0.2624 | AUROC: 0.7553 | F1: 0.12 | F1/class: Atelectasis:0.29, Cardiomegaly:0.33, Effusion:0.52, Infiltration:0.46, Mass:0.03, Nodule:0.00, Pneumonia:0.00, Pneumothorax:0.00, Consolidation:0.00, Edema:0.00, Emphysema:0.00, Fibrosis:0.00, Pleural_Thickening:0.00, Hernia:0.00 | Time: 135.66s
Dev | Loss: 0.2610 | AP: 0.2391 | AUROC: 0.7195 | F1: 0.11 | F1/class: Atelectasis:0.29, Cardiomegaly:0.33, Effusion:0.49, Infiltration:0.42, Mass:0.03, Nodule:0.00, Pneumonia:0.00, Pneumothorax:0.00, Consolidation:0.00, Edema:0.00, Emphysema:0.00, Fibrosis:0.00, Pleural_Thickening:0.00, Hernia:0.00 | Time: 7.51s
test | Loss: 0.3027 | AP: 0.2353 | AUROC: 0.7100 | F1: 0.10 | F1/class: Atelectasis:0.21, Cardiomegaly:0.27, Effusion:0.47, Infiltration:0.43, Mass:0.02, Nodule:0.00, Pneumonia:0.00, Pneumothorax:0.00, Consolidation:0.00, Edema:0.00, Emphysema:0.00, Fibrosis:0.00, Pleural_Thickening:0.00, Hernia:0.00 | Time: 15.39s

->> lr: 1.0000000000000004e-08

--------------------------------------------------
Epoch: 206 / 500
Train | Loss: 0.2522 | AP: 0.2629 | AUROC: 0.7557 | F1: 0.12 | F1/class: Atelectasis:0.28, Cardiomegaly:0.32, Effusion:0.52, Infiltration:0.46, Mass:0.03, Nodule:0.00, Pneumonia:0.00, Pneumothorax:0.00, Consolidation:0.00, Edema:0.00, Emphysema:0.00, Fibrosis:0.00, Pleural_Thickening:0.00, Hernia:0.00 | Time: 140.73s
Dev | Loss: 0.2610 | AP: 0.2391 | AUROC: 0.7194 | F1: 0.11 | F1/class: Atelectasis:0.27, Cardiomegaly:0.33, Effusion:0.49, Infiltration:0.42, Mass:0.04, Nodule:0.00, Pneumonia:0.00, Pneumothorax:0.00, Consolidation:0.00, Edema:0.00, Emphysema:0.00, Fibrosis:0.00, Pleural_Thickening:0.00, Hernia:0.00 | Time: 7.61s
test | Loss: 0.3026 | AP: 0.2354 | AUROC: 0.7099 | F1: 0.10 | F1/class: Atelectasis:0.21, Cardiomegaly:0.27, Effusion:0.47, Infiltration:0.43, Mass:0.03, Nodule:0.00, Pneumonia:0.00, Pneumothorax:0.00, Consolidation:0.00, Edema:0.00, Emphysema:0.00, Fibrosis:0.00, Pleural_Thickening:0.00, Hernia:0.00 | Time: 15.33s

->> lr: 1.0000000000000004e-08

--------------------------------------------------
Epoch: 207 / 500
Train | Loss: 0.2524 | AP: 0.2613 | AUROC: 0.7548 | F1: 0.12 | F1/class: Atelectasis:0.29, Cardiomegaly:0.32, Effusion:0.52, Infiltration:0.46, Mass:0.03, Nodule:0.00, Pneumonia:0.00, Pneumothorax:0.00, Consolidation:0.00, Edema:0.01, Emphysema:0.00, Fibrosis:0.00, Pleural_Thickening:0.00, Hernia:0.00 | Time: 140.04s
Dev | Loss: 0.2611 | AP: 0.2385 | AUROC: 0.7194 | F1: 0.11 | F1/class: Atelectasis:0.30, Cardiomegaly:0.33, Effusion:0.50, Infiltration:0.42, Mass:0.04, Nodule:0.00, Pneumonia:0.00, Pneumothorax:0.00, Consolidation:0.00, Edema:0.00, Emphysema:0.00, Fibrosis:0.00, Pleural_Thickening:0.00, Hernia:0.00 | Time: 7.60s
test | Loss: 0.3029 | AP: 0.2357 | AUROC: 0.7106 | F1: 0.10 | F1/class: Atelectasis:0.23, Cardiomegaly:0.28, Effusion:0.48, Infiltration:0.44, Mass:0.03, Nodule:0.00, Pneumonia:0.00, Pneumothorax:0.00, Consolidation:0.00, Edema:0.00, Emphysema:0.00, Fibrosis:0.00, Pleural_Thickening:0.00, Hernia:0.00 | Time: 15.30s
[1;92m
Saving checkpoint...
[0m

->> lr: 1.0000000000000004e-08

--------------------------------------------------
Epoch: 208 / 500
Train | Loss: 0.2524 | AP: 0.2611 | AUROC: 0.7551 | F1: 0.12 | F1/class: Atelectasis:0.29, Cardiomegaly:0.32, Effusion:0.52, Infiltration:0.46, Mass:0.04, Nodule:0.00, Pneumonia:0.00, Pneumothorax:0.00, Consolidation:0.00, Edema:0.00, Emphysema:0.00, Fibrosis:0.00, Pleural_Thickening:0.00, Hernia:0.00 | Time: 133.44s
Dev | Loss: 0.2611 | AP: 0.2390 | AUROC: 0.7198 | F1: 0.11 | F1/class: Atelectasis:0.27, Cardiomegaly:0.31, Effusion:0.49, Infiltration:0.45, Mass:0.03, Nodule:0.00, Pneumonia:0.00, Pneumothorax:0.00, Consolidation:0.00, Edema:0.00, Emphysema:0.00, Fibrosis:0.00, Pleural_Thickening:0.00, Hernia:0.00 | Time: 7.59s
test | Loss: 0.3030 | AP: 0.2352 | AUROC: 0.7095 | F1: 0.10 | F1/class: Atelectasis:0.20, Cardiomegaly:0.27, Effusion:0.46, Infiltration:0.45, Mass:0.02, Nodule:0.00, Pneumonia:0.00, Pneumothorax:0.00, Consolidation:0.00, Edema:0.00, Emphysema:0.00, Fibrosis:0.00, Pleural_Thickening:0.00, Hernia:0.00 | Time: 15.32s

->> lr: 1.0000000000000004e-08

--------------------------------------------------
Epoch: 209 / 500
Train | Loss: 0.2523 | AP: 0.2616 | AUROC: 0.7560 | F1: 0.12 | F1/class: Atelectasis:0.29, Cardiomegaly:0.34, Effusion:0.52, Infiltration:0.45, Mass:0.03, Nodule:0.00, Pneumonia:0.00, Pneumothorax:0.00, Consolidation:0.00, Edema:0.00, Emphysema:0.00, Fibrosis:0.00, Pleural_Thickening:0.00, Hernia:0.00 | Time: 140.89s
Dev | Loss: 0.2610 | AP: 0.2386 | AUROC: 0.7194 | F1: 0.11 | F1/class: Atelectasis:0.28, Cardiomegaly:0.33, Effusion:0.50, Infiltration:0.41, Mass:0.04, Nodule:0.00, Pneumonia:0.00, Pneumothorax:0.00, Consolidation:0.00, Edema:0.00, Emphysema:0.00, Fibrosis:0.00, Pleural_Thickening:0.00, Hernia:0.00 | Time: 7.58s
test | Loss: 0.3022 | AP: 0.2358 | AUROC: 0.7109 | F1: 0.10 | F1/class: Atelectasis:0.21, Cardiomegaly:0.28, Effusion:0.48, Infiltration:0.42, Mass:0.03, Nodule:0.00, Pneumonia:0.00, Pneumothorax:0.00, Consolidation:0.00, Edema:0.00, Emphysema:0.00, Fibrosis:0.00, Pleural_Thickening:0.00, Hernia:0.00 | Time: 15.34s

->> lr: 1.0000000000000004e-08

--------------------------------------------------
Epoch: 210 / 500
Train | Loss: 0.2523 | AP: 0.2618 | AUROC: 0.7554 | F1: 0.12 | F1/class: Atelectasis:0.29, Cardiomegaly:0.32, Effusion:0.52, Infiltration:0.46, Mass:0.04, Nodule:0.00, Pneumonia:0.00, Pneumothorax:0.00, Consolidation:0.00, Edema:0.00, Emphysema:0.00, Fibrosis:0.00, Pleural_Thickening:0.00, Hernia:0.00 | Time: 137.79s
Dev | Loss: 0.2610 | AP: 0.2390 | AUROC: 0.7196 | F1: 0.11 | F1/class: Atelectasis:0.28, Cardiomegaly:0.32, Effusion:0.49, Infiltration:0.42, Mass:0.03, Nodule:0.00, Pneumonia:0.00, Pneumothorax:0.00, Consolidation:0.00, Edema:0.00, Emphysema:0.00, Fibrosis:0.00, Pleural_Thickening:0.00, Hernia:0.00 | Time: 7.56s
test | Loss: 0.3027 | AP: 0.2355 | AUROC: 0.7103 | F1: 0.10 | F1/class: Atelectasis:0.21, Cardiomegaly:0.28, Effusion:0.47, Infiltration:0.44, Mass:0.02, Nodule:0.00, Pneumonia:0.00, Pneumothorax:0.00, Consolidation:0.00, Edema:0.00, Emphysema:0.00, Fibrosis:0.00, Pleural_Thickening:0.00, Hernia:0.00 | Time: 15.29s

->> lr: 1.0000000000000004e-08

--------------------------------------------------
Epoch: 211 / 500
Train | Loss: 0.2523 | AP: 0.2624 | AUROC: 0.7557 | F1: 0.12 | F1/class: Atelectasis:0.29, Cardiomegaly:0.33, Effusion:0.53, Infiltration:0.46, Mass:0.03, Nodule:0.00, Pneumonia:0.00, Pneumothorax:0.00, Consolidation:0.00, Edema:0.00, Emphysema:0.00, Fibrosis:0.00, Pleural_Thickening:0.00, Hernia:0.00 | Time: 142.67s
Dev | Loss: 0.2610 | AP: 0.2390 | AUROC: 0.7196 | F1: 0.11 | F1/class: Atelectasis:0.27, Cardiomegaly:0.33, Effusion:0.49, Infiltration:0.42, Mass:0.04, Nodule:0.00, Pneumonia:0.00, Pneumothorax:0.00, Consolidation:0.00, Edema:0.00, Emphysema:0.00, Fibrosis:0.00, Pleural_Thickening:0.00, Hernia:0.00 | Time: 7.53s
test | Loss: 0.3024 | AP: 0.2357 | AUROC: 0.7103 | F1: 0.10 | F1/class: Atelectasis:0.20, Cardiomegaly:0.28, Effusion:0.46, Infiltration:0.43, Mass:0.03, Nodule:0.00, Pneumonia:0.00, Pneumothorax:0.00, Consolidation:0.00, Edema:0.00, Emphysema:0.00, Fibrosis:0.00, Pleural_Thickening:0.00, Hernia:0.00 | Time: 15.27s

->> lr: 1.0000000000000004e-08

--------------------------------------------------
Epoch: 212 / 500
Train | Loss: 0.2521 | AP: 0.2625 | AUROC: 0.7563 | F1: 0.12 | F1/class: Atelectasis:0.28, Cardiomegaly:0.33, Effusion:0.52, Infiltration:0.46, Mass:0.03, Nodule:0.00, Pneumonia:0.00, Pneumothorax:0.00, Consolidation:0.00, Edema:0.00, Emphysema:0.00, Fibrosis:0.00, Pleural_Thickening:0.00, Hernia:0.00 | Time: 137.54s
Dev | Loss: 0.2610 | AP: 0.2389 | AUROC: 0.7192 | F1: 0.11 | F1/class: Atelectasis:0.29, Cardiomegaly:0.33, Effusion:0.50, Infiltration:0.40, Mass:0.04, Nodule:0.00, Pneumonia:0.00, Pneumothorax:0.00, Consolidation:0.00, Edema:0.00, Emphysema:0.00, Fibrosis:0.00, Pleural_Thickening:0.00, Hernia:0.00 | Time: 7.58s
test | Loss: 0.3023 | AP: 0.2355 | AUROC: 0.7104 | F1: 0.10 | F1/class: Atelectasis:0.21, Cardiomegaly:0.28, Effusion:0.48, Infiltration:0.41, Mass:0.03, Nodule:0.00, Pneumonia:0.00, Pneumothorax:0.00, Consolidation:0.00, Edema:0.00, Emphysema:0.00, Fibrosis:0.00, Pleural_Thickening:0.00, Hernia:0.00 | Time: 15.32s

->> lr: 1.0000000000000004e-08

--------------------------------------------------
Epoch: 213 / 500
Train | Loss: 0.2523 | AP: 0.2620 | AUROC: 0.7546 | F1: 0.12 | F1/class: Atelectasis:0.29, Cardiomegaly:0.32, Effusion:0.52, Infiltration:0.46, Mass:0.03, Nodule:0.00, Pneumonia:0.00, Pneumothorax:0.00, Consolidation:0.00, Edema:0.00, Emphysema:0.00, Fibrosis:0.00, Pleural_Thickening:0.00, Hernia:0.00 | Time: 141.67s
Dev | Loss: 0.2609 | AP: 0.2391 | AUROC: 0.7197 | F1: 0.11 | F1/class: Atelectasis:0.27, Cardiomegaly:0.31, Effusion:0.49, Infiltration:0.44, Mass:0.04, Nodule:0.00, Pneumonia:0.00, Pneumothorax:0.00, Consolidation:0.00, Edema:0.00, Emphysema:0.00, Fibrosis:0.00, Pleural_Thickening:0.00, Hernia:0.00 | Time: 7.57s
test | Loss: 0.3029 | AP: 0.2355 | AUROC: 0.7100 | F1: 0.10 | F1/class: Atelectasis:0.21, Cardiomegaly:0.25, Effusion:0.47, Infiltration:0.44, Mass:0.03, Nodule:0.00, Pneumonia:0.00, Pneumothorax:0.00, Consolidation:0.00, Edema:0.00, Emphysema:0.00, Fibrosis:0.00, Pleural_Thickening:0.00, Hernia:0.00 | Time: 15.30s

->> lr: 1.0000000000000004e-08

--------------------------------------------------
Epoch: 214 / 500
Train | Loss: 0.2523 | AP: 0.2625 | AUROC: 0.7555 | F1: 0.12 | F1/class: Atelectasis:0.29, Cardiomegaly:0.31, Effusion:0.52, Infiltration:0.45, Mass:0.03, Nodule:0.00, Pneumonia:0.00, Pneumothorax:0.00, Consolidation:0.00, Edema:0.00, Emphysema:0.00, Fibrosis:0.00, Pleural_Thickening:0.00, Hernia:0.00 | Time: 137.78s
Dev | Loss: 0.2610 | AP: 0.2388 | AUROC: 0.7193 | F1: 0.11 | F1/class: Atelectasis:0.28, Cardiomegaly:0.32, Effusion:0.49, Infiltration:0.41, Mass:0.04, Nodule:0.00, Pneumonia:0.00, Pneumothorax:0.00, Consolidation:0.00, Edema:0.00, Emphysema:0.00, Fibrosis:0.00, Pleural_Thickening:0.00, Hernia:0.00 | Time: 7.56s
test | Loss: 0.3023 | AP: 0.2359 | AUROC: 0.7106 | F1: 0.10 | F1/class: Atelectasis:0.21, Cardiomegaly:0.26, Effusion:0.47, Infiltration:0.42, Mass:0.03, Nodule:0.00, Pneumonia:0.00, Pneumothorax:0.00, Consolidation:0.00, Edema:0.00, Emphysema:0.00, Fibrosis:0.00, Pleural_Thickening:0.00, Hernia:0.00 | Time: 15.33s

->> lr: 1.0000000000000004e-08

--------------------------------------------------
Epoch: 215 / 500
Train | Loss: 0.2522 | AP: 0.2627 | AUROC: 0.7559 | F1: 0.12 | F1/class: Atelectasis:0.29, Cardiomegaly:0.31, Effusion:0.53, Infiltration:0.46, Mass:0.04, Nodule:0.00, Pneumonia:0.00, Pneumothorax:0.00, Consolidation:0.00, Edema:0.00, Emphysema:0.00, Fibrosis:0.00, Pleural_Thickening:0.00, Hernia:0.00 | Time: 134.82s
Dev | Loss: 0.2610 | AP: 0.2388 | AUROC: 0.7196 | F1: 0.11 | F1/class: Atelectasis:0.30, Cardiomegaly:0.33, Effusion:0.49, Infiltration:0.43, Mass:0.02, Nodule:0.00, Pneumonia:0.00, Pneumothorax:0.00, Consolidation:0.00, Edema:0.00, Emphysema:0.00, Fibrosis:0.00, Pleural_Thickening:0.00, Hernia:0.00 | Time: 7.57s
test | Loss: 0.3029 | AP: 0.2354 | AUROC: 0.7101 | F1: 0.10 | F1/class: Atelectasis:0.22, Cardiomegaly:0.28, Effusion:0.47, Infiltration:0.44, Mass:0.02, Nodule:0.00, Pneumonia:0.00, Pneumothorax:0.00, Consolidation:0.00, Edema:0.00, Emphysema:0.00, Fibrosis:0.00, Pleural_Thickening:0.00, Hernia:0.00 | Time: 15.31s

->> lr: 1.0000000000000004e-08

--------------------------------------------------
Epoch: 216 / 500
Train | Loss: 0.2523 | AP: 0.2618 | AUROC: 0.7547 | F1: 0.12 | F1/class: Atelectasis:0.29, Cardiomegaly:0.32, Effusion:0.52, Infiltration:0.46, Mass:0.04, Nodule:0.00, Pneumonia:0.00, Pneumothorax:0.00, Consolidation:0.00, Edema:0.00, Emphysema:0.00, Fibrosis:0.00, Pleural_Thickening:0.00, Hernia:0.00 | Time: 136.23s
Dev | Loss: 0.2610 | AP: 0.2387 | AUROC: 0.7195 | F1: 0.11 | F1/class: Atelectasis:0.27, Cardiomegaly:0.33, Effusion:0.50, Infiltration:0.41, Mass:0.04, Nodule:0.00, Pneumonia:0.00, Pneumothorax:0.00, Consolidation:0.00, Edema:0.00, Emphysema:0.00, Fibrosis:0.00, Pleural_Thickening:0.00, Hernia:0.00 | Time: 7.64s
test | Loss: 0.3025 | AP: 0.2358 | AUROC: 0.7106 | F1: 0.10 | F1/class: Atelectasis:0.20, Cardiomegaly:0.28, Effusion:0.48, Infiltration:0.43, Mass:0.03, Nodule:0.00, Pneumonia:0.00, Pneumothorax:0.00, Consolidation:0.00, Edema:0.00, Emphysema:0.00, Fibrosis:0.00, Pleural_Thickening:0.00, Hernia:0.00 | Time: 15.29s

->> lr: 1.0000000000000004e-08

--------------------------------------------------
Epoch: 217 / 500
Train | Loss: 0.2524 | AP: 0.2618 | AUROC: 0.7551 | F1: 0.12 | F1/class: Atelectasis:0.28, Cardiomegaly:0.32, Effusion:0.53, Infiltration:0.45, Mass:0.03, Nodule:0.00, Pneumonia:0.00, Pneumothorax:0.00, Consolidation:0.00, Edema:0.00, Emphysema:0.00, Fibrosis:0.00, Pleural_Thickening:0.00, Hernia:0.00 | Time: 133.65s
Dev | Loss: 0.2610 | AP: 0.2387 | AUROC: 0.7193 | F1: 0.11 | F1/class: Atelectasis:0.30, Cardiomegaly:0.31, Effusion:0.49, Infiltration:0.42, Mass:0.05, Nodule:0.00, Pneumonia:0.00, Pneumothorax:0.00, Consolidation:0.00, Edema:0.00, Emphysema:0.00, Fibrosis:0.00, Pleural_Thickening:0.00, Hernia:0.00 | Time: 7.59s
test | Loss: 0.3027 | AP: 0.2358 | AUROC: 0.7105 | F1: 0.10 | F1/class: Atelectasis:0.22, Cardiomegaly:0.25, Effusion:0.47, Infiltration:0.44, Mass:0.03, Nodule:0.00, Pneumonia:0.00, Pneumothorax:0.00, Consolidation:0.00, Edema:0.00, Emphysema:0.00, Fibrosis:0.00, Pleural_Thickening:0.00, Hernia:0.00 | Time: 15.35s

->> lr: 1.0000000000000004e-08

--------------------------------------------------
Epoch: 218 / 500
Train | Loss: 0.2525 | AP: 0.2612 | AUROC: 0.7542 | F1: 0.12 | F1/class: Atelectasis:0.28, Cardiomegaly:0.32, Effusion:0.52, Infiltration:0.46, Mass:0.04, Nodule:0.00, Pneumonia:0.00, Pneumothorax:0.00, Consolidation:0.00, Edema:0.00, Emphysema:0.00, Fibrosis:0.00, Pleural_Thickening:0.00, Hernia:0.00 | Time: 132.12s
Dev | Loss: 0.2609 | AP: 0.2390 | AUROC: 0.7193 | F1: 0.11 | F1/class: Atelectasis:0.27, Cardiomegaly:0.31, Effusion:0.48, Infiltration:0.42, Mass:0.03, Nodule:0.00, Pneumonia:0.00, Pneumothorax:0.00, Consolidation:0.00, Edema:0.00, Emphysema:0.00, Fibrosis:0.00, Pleural_Thickening:0.00, Hernia:0.00 | Time: 7.58s
test | Loss: 0.3021 | AP: 0.2355 | AUROC: 0.7099 | F1: 0.10 | F1/class: Atelectasis:0.20, Cardiomegaly:0.26, Effusion:0.46, Infiltration:0.43, Mass:0.02, Nodule:0.00, Pneumonia:0.00, Pneumothorax:0.00, Consolidation:0.00, Edema:0.00, Emphysema:0.00, Fibrosis:0.00, Pleural_Thickening:0.00, Hernia:0.00 | Time: 15.29s

->> lr: 1.0000000000000004e-08

--------------------------------------------------
Epoch: 219 / 500
Train | Loss: 0.2523 | AP: 0.2618 | AUROC: 0.7555 | F1: 0.12 | F1/class: Atelectasis:0.29, Cardiomegaly:0.32, Effusion:0.52, Infiltration:0.46, Mass:0.03, Nodule:0.00, Pneumonia:0.00, Pneumothorax:0.00, Consolidation:0.00, Edema:0.00, Emphysema:0.00, Fibrosis:0.00, Pleural_Thickening:0.00, Hernia:0.00 | Time: 130.39s
Dev | Loss: 0.2610 | AP: 0.2390 | AUROC: 0.7195 | F1: 0.11 | F1/class: Atelectasis:0.29, Cardiomegaly:0.32, Effusion:0.49, Infiltration:0.43, Mass:0.03, Nodule:0.00, Pneumonia:0.00, Pneumothorax:0.00, Consolidation:0.00, Edema:0.00, Emphysema:0.00, Fibrosis:0.00, Pleural_Thickening:0.00, Hernia:0.00 | Time: 7.55s
test | Loss: 0.3027 | AP: 0.2354 | AUROC: 0.7100 | F1: 0.10 | F1/class: Atelectasis:0.22, Cardiomegaly:0.27, Effusion:0.46, Infiltration:0.44, Mass:0.03, Nodule:0.00, Pneumonia:0.00, Pneumothorax:0.00, Consolidation:0.00, Edema:0.00, Emphysema:0.00, Fibrosis:0.00, Pleural_Thickening:0.00, Hernia:0.00 | Time: 15.32s

->> lr: 1.0000000000000004e-08

--------------------------------------------------
Epoch: 220 / 500
Train | Loss: 0.2524 | AP: 0.2614 | AUROC: 0.7551 | F1: 0.12 | F1/class: Atelectasis:0.29, Cardiomegaly:0.32, Effusion:0.52, Infiltration:0.46, Mass:0.03, Nodule:0.00, Pneumonia:0.00, Pneumothorax:0.00, Consolidation:0.00, Edema:0.00, Emphysema:0.00, Fibrosis:0.00, Pleural_Thickening:0.00, Hernia:0.00 | Time: 135.73s
Dev | Loss: 0.2610 | AP: 0.2388 | AUROC: 0.7196 | F1: 0.11 | F1/class: Atelectasis:0.26, Cardiomegaly:0.32, Effusion:0.49, Infiltration:0.42, Mass:0.04, Nodule:0.00, Pneumonia:0.00, Pneumothorax:0.00, Consolidation:0.00, Edema:0.00, Emphysema:0.00, Fibrosis:0.00, Pleural_Thickening:0.00, Hernia:0.00 | Time: 7.61s
test | Loss: 0.3026 | AP: 0.2354 | AUROC: 0.7102 | F1: 0.10 | F1/class: Atelectasis:0.19, Cardiomegaly:0.27, Effusion:0.47, Infiltration:0.44, Mass:0.03, Nodule:0.00, Pneumonia:0.00, Pneumothorax:0.00, Consolidation:0.00, Edema:0.00, Emphysema:0.00, Fibrosis:0.00, Pleural_Thickening:0.00, Hernia:0.00 | Time: 15.30s

->> lr: 1.0000000000000004e-08

--------------------------------------------------
Epoch: 221 / 500
Train | Loss: 0.2524 | AP: 0.2613 | AUROC: 0.7554 | F1: 0.12 | F1/class: Atelectasis:0.29, Cardiomegaly:0.32, Effusion:0.52, Infiltration:0.46, Mass:0.03, Nodule:0.00, Pneumonia:0.00, Pneumothorax:0.00, Consolidation:0.00, Edema:0.01, Emphysema:0.00, Fibrosis:0.00, Pleural_Thickening:0.00, Hernia:0.00 | Time: 138.88s
Dev | Loss: 0.2610 | AP: 0.2389 | AUROC: 0.7192 | F1: 0.11 | F1/class: Atelectasis:0.30, Cardiomegaly:0.31, Effusion:0.51, Infiltration:0.43, Mass:0.02, Nodule:0.00, Pneumonia:0.00, Pneumothorax:0.00, Consolidation:0.00, Edema:0.00, Emphysema:0.00, Fibrosis:0.00, Pleural_Thickening:0.00, Hernia:0.00 | Time: 7.58s
test | Loss: 0.3030 | AP: 0.2353 | AUROC: 0.7100 | F1: 0.10 | F1/class: Atelectasis:0.22, Cardiomegaly:0.26, Effusion:0.48, Infiltration:0.43, Mass:0.02, Nodule:0.00, Pneumonia:0.00, Pneumothorax:0.00, Consolidation:0.00, Edema:0.00, Emphysema:0.00, Fibrosis:0.00, Pleural_Thickening:0.00, Hernia:0.00 | Time: 15.27s

->> lr: 1.0000000000000004e-08

--------------------------------------------------
Epoch: 222 / 500
Train | Loss: 0.2521 | AP: 0.2633 | AUROC: 0.7556 | F1: 0.12 | F1/class: Atelectasis:0.29, Cardiomegaly:0.33, Effusion:0.52, Infiltration:0.46, Mass:0.03, Nodule:0.00, Pneumonia:0.00, Pneumothorax:0.00, Consolidation:0.00, Edema:0.00, Emphysema:0.00, Fibrosis:0.00, Pleural_Thickening:0.00, Hernia:0.00 | Time: 141.06s
Dev | Loss: 0.2610 | AP: 0.2389 | AUROC: 0.7192 | F1: 0.11 | F1/class: Atelectasis:0.28, Cardiomegaly:0.31, Effusion:0.49, Infiltration:0.42, Mass:0.04, Nodule:0.00, Pneumonia:0.00, Pneumothorax:0.00, Consolidation:0.00, Edema:0.00, Emphysema:0.00, Fibrosis:0.00, Pleural_Thickening:0.00, Hernia:0.00 | Time: 7.56s
test | Loss: 0.3025 | AP: 0.2355 | AUROC: 0.7101 | F1: 0.10 | F1/class: Atelectasis:0.21, Cardiomegaly:0.27, Effusion:0.47, Infiltration:0.42, Mass:0.03, Nodule:0.00, Pneumonia:0.00, Pneumothorax:0.00, Consolidation:0.00, Edema:0.00, Emphysema:0.00, Fibrosis:0.00, Pleural_Thickening:0.00, Hernia:0.00 | Time: 15.30s

->> lr: 1.0000000000000004e-08

--------------------------------------------------
Epoch: 223 / 500
Train | Loss: 0.2522 | AP: 0.2627 | AUROC: 0.7548 | F1: 0.12 | F1/class: Atelectasis:0.28, Cardiomegaly:0.33, Effusion:0.52, Infiltration:0.45, Mass:0.03, Nodule:0.00, Pneumonia:0.00, Pneumothorax:0.00, Consolidation:0.00, Edema:0.00, Emphysema:0.00, Fibrosis:0.00, Pleural_Thickening:0.00, Hernia:0.00 | Time: 134.15s
Dev | Loss: 0.2610 | AP: 0.2390 | AUROC: 0.7197 | F1: 0.11 | F1/class: Atelectasis:0.28, Cardiomegaly:0.31, Effusion:0.49, Infiltration:0.44, Mass:0.04, Nodule:0.00, Pneumonia:0.00, Pneumothorax:0.00, Consolidation:0.00, Edema:0.00, Emphysema:0.00, Fibrosis:0.00, Pleural_Thickening:0.00, Hernia:0.00 | Time: 7.56s
test | Loss: 0.3029 | AP: 0.2354 | AUROC: 0.7101 | F1: 0.10 | F1/class: Atelectasis:0.21, Cardiomegaly:0.26, Effusion:0.47, Infiltration:0.45, Mass:0.02, Nodule:0.00, Pneumonia:0.00, Pneumothorax:0.00, Consolidation:0.00, Edema:0.00, Emphysema:0.00, Fibrosis:0.00, Pleural_Thickening:0.00, Hernia:0.00 | Time: 15.30s

->> lr: 1.0000000000000004e-08

--------------------------------------------------
Epoch: 224 / 500
